Facility Id,FRS Id,Primary NAICS Code,Industry Type (subparts),Industry Type (sectors),Unit Name,General Fuel Type,Specific Fuel Type,Other Fuel Name,Blend Fuel Name,Fuel Methane (CH4) emissions (mt CO2e),Fuel Nitrous Oxide (N2O) emissions (mt CO2e),FacilityID,FacilityName,Address,City,State,Zip,Latitude,Longitude,County,NAICS,SIC,UrbanRural
1006005,110000414089.0,325311,"C,G,PP,V","Chemicals, Suppliers of CO2",CP-1,Natural Gas,Natural Gas (Weighted U.S. Average),,,128.25,152.874,1006005,"CF Industries Nitrogen, LLC-Port Neal Nitrogen Complex",1182 260TH ST.,SERGEANT BLUFF,IA,51054.0,42.32786,-96.36489,WOODBURY COUNTY,325311,,
1006005,110000414089.0,325311,"C,G,PP,V","Chemicals, Suppliers of CO2",EU-200,Natural Gas,Natural Gas (Weighted U.S. Average),,,226.75,270.286,1006005,"CF Industries Nitrogen, LLC-Port Neal Nitrogen Complex",1182 260TH ST.,SERGEANT BLUFF,IA,51054.0,42.32786,-96.36489,WOODBURY COUNTY,325311,,
1006005,110000414089.0,325311,"C,G,PP,V","Chemicals, Suppliers of CO2",EU-400,Natural Gas,Natural Gas (Weighted U.S. Average),,,54.0,64.368,1006005,"CF Industries Nitrogen, LLC-Port Neal Nitrogen Complex",1182 260TH ST.,SERGEANT BLUFF,IA,51054.0,42.32786,-96.36489,WOODBURY COUNTY,325311,,
1006005,110000414089.0,325311,"C,G,PP,V","Chemicals, Suppliers of CO2",EU-401,Natural Gas,Natural Gas (Weighted U.S. Average),,,54.25,64.666,1006005,"CF Industries Nitrogen, LLC-Port Neal Nitrogen Complex",1182 260TH ST.,SERGEANT BLUFF,IA,51054.0,42.32786,-96.36489,WOODBURY COUNTY,325311,,
1006005,110000414089.0,325311,"C,G,PP,V","Chemicals, Suppliers of CO2",EU-650,Petroleum Products,Distillate Fuel Oil No. 2,,,0.0,0.0,1006005,"CF Industries Nitrogen, LLC-Port Neal Nitrogen Complex",1182 260TH ST.,SERGEANT BLUFF,IA,51054.0,42.32786,-96.36489,WOODBURY COUNTY,325311,,
1006005,110000414089.0,325311,"C,G,PP,V","Chemicals, Suppliers of CO2",GP-1,Natural Gas,Natural Gas (Weighted U.S. Average),,,1.0,1.192,1006005,"CF Industries Nitrogen, LLC-Port Neal Nitrogen Complex",1182 260TH ST.,SERGEANT BLUFF,IA,51054.0,42.32786,-96.36489,WOODBURY COUNTY,325311,,
1006005,110000414089.0,325311,"C,G,PP,V","Chemicals, Suppliers of CO2",CP-1,Natural Gas,Natural Gas (Weighted U.S. Average),,,122.5,146.02,1006005,"CF Industries Nitrogen, LLC-Port Neal Nitrogen Complex",1182 260TH ST.,SERGEANT BLUFF,IA,51054.0,42.32786,-96.36489,WOODBURY COUNTY,325311,,
1006005,110000414089.0,325311,"C,G,PP,V","Chemicals, Suppliers of CO2",EU-200,Natural Gas,Natural Gas (Weighted U.S. Average),,,217.0,258.664,1006005,"CF Industries Nitrogen, LLC-Port Neal Nitrogen Complex",1182 260TH ST.,SERGEANT BLUFF,IA,51054.0,42.32786,-96.36489,WOODBURY COUNTY,325311,,
1006005,110000414089.0,325311,"C,G,PP,V","Chemicals, Suppliers of CO2",EU-400,Natural Gas,Natural Gas (Weighted U.S. Average),,,55.0,65.56,1006005,"CF Industries Nitrogen, LLC-Port Neal Nitrogen Complex",1182 260TH ST.,SERGEANT BLUFF,IA,51054.0,42.32786,-96.36489,WOODBURY COUNTY,325311,,
1006005,110000414089.0,325311,"C,G,PP,V","Chemicals, Suppliers of CO2",EU-401,Natural Gas,Natural Gas (Weighted U.S. Average),,,55.0,65.56,1006005,"CF Industries Nitrogen, LLC-Port Neal Nitrogen Complex",1182 260TH ST.,SERGEANT BLUFF,IA,51054.0,42.32786,-96.36489,WOODBURY COUNTY,325311,,
1006005,110000414089.0,325311,"C,G,PP,V","Chemicals, Suppliers of CO2",GP-1,Natural Gas,Natural Gas (Weighted U.S. Average),,,1.5,1.788,1006005,"CF Industries Nitrogen, LLC-Port Neal Nitrogen Complex",1182 260TH ST.,SERGEANT BLUFF,IA,51054.0,42.32786,-96.36489,WOODBURY COUNTY,325311,,
1006005,110000414089.0,325311,"C,G,PP,V","Chemicals, Suppliers of CO2",CP-1,Natural Gas,Natural Gas (Weighted U.S. Average),,,123.0,146.616,1006005,"CF Industries Nitrogen, LLC-Port Neal Nitrogen Complex",1182 260TH ST.,SERGEANT BLUFF,IA,51054.0,42.32786,-96.36489,WOODBURY COUNTY,325311,,
1006005,110000414089.0,325311,"C,G,PP,V","Chemicals, Suppliers of CO2",EU-200,Natural Gas,Natural Gas (Weighted U.S. Average),,,244.25,291.146,1006005,"CF Industries Nitrogen, LLC-Port Neal Nitrogen Complex",1182 260TH ST.,SERGEANT BLUFF,IA,51054.0,42.32786,-96.36489,WOODBURY COUNTY,325311,,
1006005,110000414089.0,325311,"C,G,PP,V","Chemicals, Suppliers of CO2",EU-400,Natural Gas,Natural Gas (Weighted U.S. Average),,,53.5,63.772,1006005,"CF Industries Nitrogen, LLC-Port Neal Nitrogen Complex",1182 260TH ST.,SERGEANT BLUFF,IA,51054.0,42.32786,-96.36489,WOODBURY COUNTY,325311,,
1006005,110000414089.0,325311,"C,G,PP,V","Chemicals, Suppliers of CO2",CP-1,Natural Gas,Natural Gas (Weighted U.S. Average),,,107.0,127.544,1006005,"CF Industries Nitrogen, LLC-Port Neal Nitrogen Complex",1182 260TH ST.,SERGEANT BLUFF,IA,51054.0,42.32786,-96.36489,WOODBURY COUNTY,325311,,
1006005,110000414089.0,325311,"C,G,PP,V","Chemicals, Suppliers of CO2",EU-200,Natural Gas,Natural Gas (Weighted U.S. Average),,,172.25,205.322,1006005,"CF Industries Nitrogen, LLC-Port Neal Nitrogen Complex",1182 260TH ST.,SERGEANT BLUFF,IA,51054.0,42.32786,-96.36489,WOODBURY COUNTY,325311,,
1006005,110000414089.0,325311,"C,G,PP,V","Chemicals, Suppliers of CO2",EU-400,Natural Gas,Natural Gas (Weighted U.S. Average),,,53.0,63.176,1006005,"CF Industries Nitrogen, LLC-Port Neal Nitrogen Complex",1182 260TH ST.,SERGEANT BLUFF,IA,51054.0,42.32786,-96.36489,WOODBURY COUNTY,325311,,
1006005,110000414089.0,325311,"C,G,PP,V","Chemicals, Suppliers of CO2",EU-401,Natural Gas,Natural Gas (Weighted U.S. Average),,,52.75,62.878,1006005,"CF Industries Nitrogen, LLC-Port Neal Nitrogen Complex",1182 260TH ST.,SERGEANT BLUFF,IA,51054.0,42.32786,-96.36489,WOODBURY COUNTY,325311,,
1006005,110000414089.0,325311,"C,G,PP,V","Chemicals, Suppliers of CO2",GP-1,Natural Gas,Natural Gas (Weighted U.S. Average),,,0.25,0.298,1006005,"CF Industries Nitrogen, LLC-Port Neal Nitrogen Complex",1182 260TH ST.,SERGEANT BLUFF,IA,51054.0,42.32786,-96.36489,WOODBURY COUNTY,325311,,
1006005,110000414089.0,325311,"C,G,PP,V","Chemicals, Suppliers of CO2",CP-1,Natural Gas,Natural Gas (Weighted U.S. Average),,,124.0,147.808,1006005,"CF Industries Nitrogen, LLC-Port Neal Nitrogen Complex",1182 260TH ST.,SERGEANT BLUFF,IA,51054.0,42.32786,-96.36489,WOODBURY COUNTY,325311,,
1006005,110000414089.0,325311,"C,G,PP,V","Chemicals, Suppliers of CO2",CP-1,Natural Gas,Natural Gas (Weighted U.S. Average),,,113.75,135.59,1006005,"CF Industries Nitrogen, LLC-Port Neal Nitrogen Complex",1182 260TH ST.,SERGEANT BLUFF,IA,51054.0,42.32786,-96.36489,WOODBURY COUNTY,325311,,
1006005,110000414089.0,325311,"C,G,PP,V","Chemicals, Suppliers of CO2",CP-1,Natural Gas,Natural Gas (Weighted U.S. Average),,,115.5,137.676,1006005,"CF Industries Nitrogen, LLC-Port Neal Nitrogen Complex",1182 260TH ST.,SERGEANT BLUFF,IA,51054.0,42.32786,-96.36489,WOODBURY COUNTY,325311,,
1006005,110000414089.0,325311,"C,G,PP,V","Chemicals, Suppliers of CO2",CP-1,Natural Gas,Natural Gas (Weighted U.S. Average),,,109.5,130.524,1006005,"CF Industries Nitrogen, LLC-Port Neal Nitrogen Complex",1182 260TH ST.,SERGEANT BLUFF,IA,51054.0,42.32786,-96.36489,WOODBURY COUNTY,325311,,
1006005,110000414089.0,325311,"C,G,PP,V","Chemicals, Suppliers of CO2",CP-1,Natural Gas,Natural Gas (Weighted U.S. Average),,,111.0,132.312,1006005,"CF Industries Nitrogen, LLC-Port Neal Nitrogen Complex",1182 260TH ST.,SERGEANT BLUFF,IA,51054.0,42.32786,-96.36489,WOODBURY COUNTY,325311,,
1007770,110000589373.0,325311,"C,G,PP,V","Chemicals, Suppliers of CO2",Emergency Firewater Pump Engine,Petroleum Products,Distillate Fuel Oil No. 2,,,0.0,0.0,1007770,CHEROKEE NITROGEN,1080 INDUSTRIAL DRIVE,CHEROKEE,AL,35616.0,34.80302,-87.93974,COLBERT COUNTY,325311,,
1007770,110000589373.0,325311,"C,G,PP,V","Chemicals, Suppliers of CO2",GP-Nat Gas Fired Equip (<100 MMBtu/hr),Natural Gas,Natural Gas (Weighted U.S. Average),,,6.0,7.152,1007770,CHEROKEE NITROGEN,1080 INDUSTRIAL DRIVE,CHEROKEE,AL,35616.0,34.80302,-87.93974,COLBERT COUNTY,325311,,
1007770,110000589373.0,325311,"C,G,PP,V","Chemicals, Suppliers of CO2",Synthetic Ammonia Plant Reformer,Natural Gas,Natural Gas (Weighted U.S. Average),,,47.25,56.322,1007770,CHEROKEE NITROGEN,1080 INDUSTRIAL DRIVE,CHEROKEE,AL,35616.0,34.80302,-87.93974,COLBERT COUNTY,325311,,
1007770,110000589373.0,325311,"C,G,PP,V","Chemicals, Suppliers of CO2",GP-Nat Gas Fired Equip (<100 MMBtu/hr),Natural Gas,Natural Gas (Weighted U.S. Average),,,7.75,9.238,1007770,CHEROKEE NITROGEN,1080 INDUSTRIAL DRIVE,CHEROKEE,AL,35616.0,34.80302,-87.93974,COLBERT COUNTY,325311,,
1007770,110000589373.0,325311,"C,G,PP,V","Chemicals, Suppliers of CO2",Synthetic Ammonia Plant Reformer,Natural Gas,Natural Gas (Weighted U.S. Average),,,44.5,53.044,1007770,CHEROKEE NITROGEN,1080 INDUSTRIAL DRIVE,CHEROKEE,AL,35616.0,34.80302,-87.93974,COLBERT COUNTY,325311,,
1007770,110000589373.0,325311,"C,G,PP,V","Chemicals, Suppliers of CO2",GP-Nat Gas Fired Equip (<100 MMBtu/hr),Natural Gas,Natural Gas (Weighted U.S. Average),,,9.25,11.026,1007770,CHEROKEE NITROGEN,1080 INDUSTRIAL DRIVE,CHEROKEE,AL,35616.0,34.80302,-87.93974,COLBERT COUNTY,325311,,
1007770,110000589373.0,325311,"C,G,PP,V","Chemicals, Suppliers of CO2",Synthetic Ammonia Plant Reformer,Natural Gas,Natural Gas (Weighted U.S. Average),,,38.5,45.892,1007770,CHEROKEE NITROGEN,1080 INDUSTRIAL DRIVE,CHEROKEE,AL,35616.0,34.80302,-87.93974,COLBERT COUNTY,325311,,
1007770,110000589373.0,325311,"C,G,PP,V","Chemicals, Suppliers of CO2",GP-Nat Gas Fired Equip (<100 MMBtu/hr),Natural Gas,Natural Gas (Weighted U.S. Average),,,8.75,10.43,1007770,CHEROKEE NITROGEN,1080 INDUSTRIAL DRIVE,CHEROKEE,AL,35616.0,34.80302,-87.93974,COLBERT COUNTY,325311,,
1007770,110000589373.0,325311,"C,G,PP,V","Chemicals, Suppliers of CO2",Synthetic Ammonia Plant Reformer,Natural Gas,Natural Gas (Weighted U.S. Average),,,45.75,54.534,1007770,CHEROKEE NITROGEN,1080 INDUSTRIAL DRIVE,CHEROKEE,AL,35616.0,34.80302,-87.93974,COLBERT COUNTY,325311,,
1007770,110000589373.0,325311,"C,G,PP,V","Chemicals, Suppliers of CO2",Synthetic Ammonia Plant Reformer,Natural Gas,Natural Gas (Weighted U.S. Average),,,44.0,52.448,1007770,CHEROKEE NITROGEN,1080 INDUSTRIAL DRIVE,CHEROKEE,AL,35616.0,34.80302,-87.93974,COLBERT COUNTY,325311,,
1007770,110000589373.0,325311,"C,G,PP,V","Chemicals, Suppliers of CO2",GP-Nat Gas Fired Equip (<100 MMBtu/hr),Natural Gas,Natural Gas (Weighted U.S. Average),,,9.5,11.324,1007770,CHEROKEE NITROGEN,1080 INDUSTRIAL DRIVE,CHEROKEE,AL,35616.0,34.80302,-87.93974,COLBERT COUNTY,325311,,
1007770,110000589373.0,325311,"C,G,PP,V","Chemicals, Suppliers of CO2",Synthetic Ammonia Plant Reformer,Natural Gas,Natural Gas (Weighted U.S. Average),,,40.5,48.276,1007770,CHEROKEE NITROGEN,1080 INDUSTRIAL DRIVE,CHEROKEE,AL,35616.0,34.80302,-87.93974,COLBERT COUNTY,325311,,
1007770,110000589373.0,325311,"C,G,PP,V","Chemicals, Suppliers of CO2",GP-Nat Gas Fired Equip (<100 MMBtu/hr),Natural Gas,Natural Gas (Weighted U.S. Average),,,9.75,11.622,1007770,CHEROKEE NITROGEN,1080 INDUSTRIAL DRIVE,CHEROKEE,AL,35616.0,34.80302,-87.93974,COLBERT COUNTY,325311,,
1007770,110000589373.0,325311,"C,G,PP,V","Chemicals, Suppliers of CO2",Synthetic Ammonia Plant Reformer,Natural Gas,Natural Gas (Weighted U.S. Average),,,39.25,46.786,1007770,CHEROKEE NITROGEN,1080 INDUSTRIAL DRIVE,CHEROKEE,AL,35616.0,34.80302,-87.93974,COLBERT COUNTY,325311,,
1007770,110000589373.0,325311,"C,G,PP,V","Chemicals, Suppliers of CO2",GP-Nat Gas Fired Equip (<100 MMBtu/hr),Natural Gas,Natural Gas (Weighted U.S. Average),,,8.25,9.834,1007770,CHEROKEE NITROGEN,1080 INDUSTRIAL DRIVE,CHEROKEE,AL,35616.0,34.80302,-87.93974,COLBERT COUNTY,325311,,
1007770,110000589373.0,325311,"C,G,PP,V","Chemicals, Suppliers of CO2",Synthetic Ammonia Plant Reformer,Natural Gas,Natural Gas (Weighted U.S. Average),,,31.5,37.548,1007770,CHEROKEE NITROGEN,1080 INDUSTRIAL DRIVE,CHEROKEE,AL,35616.0,34.80302,-87.93974,COLBERT COUNTY,325311,,
1007770,110000589373.0,325311,"C,G,PP,V","Chemicals, Suppliers of CO2",GP-Nat Gas Fired Equip (<100 MMBtu/hr),Natural Gas,Natural Gas (Weighted U.S. Average),,,7.5,8.642,1007770,CHEROKEE NITROGEN,1080 INDUSTRIAL DRIVE,CHEROKEE,AL,35616.0,34.80302,-87.93974,COLBERT COUNTY,325311,,
1007770,110000589373.0,325311,"C,G,PP,V","Chemicals, Suppliers of CO2",GP-Nat Gas Fired Equip (<100 MMBtu/hr),Natural Gas,Natural Gas (Weighted U.S. Average),,,6.25,7.45,1007770,CHEROKEE NITROGEN,1080 INDUSTRIAL DRIVE,CHEROKEE,AL,35616.0,34.80302,-87.93974,COLBERT COUNTY,325311,,
1007770,110000589373.0,325311,"C,G,PP,V","Chemicals, Suppliers of CO2",Synthetic Ammonia Plant Reformer,Natural Gas,Natural Gas (Weighted U.S. Average),,,54.5,64.964,1007770,CHEROKEE NITROGEN,1080 INDUSTRIAL DRIVE,CHEROKEE,AL,35616.0,34.80302,-87.93974,COLBERT COUNTY,325311,,
1005502,110000606158.0,325311,"C,G,PP,V","Chemicals, Suppliers of CO2",GP-1,Natural Gas,Natural Gas (Weighted U.S. Average),,,45.25,53.938,1005502,"East Dubuque Nitrogen Fertilizers, LLC",16675 HIGHWAY 20 WEST,EAST DUBUQUE,IL,61025.0,42.44311,-90.55686,JO DAVIESS COUNTY,325311,,
1005502,110000606158.0,325311,"C,G,PP,V","Chemicals, Suppliers of CO2",R-1,Natural Gas,Natural Gas (Weighted U.S. Average),,,92.25,109.962,1005502,"East Dubuque Nitrogen Fertilizers, LLC",16675 HIGHWAY 20 WEST,EAST DUBUQUE,IL,61025.0,42.44311,-90.55686,JO DAVIESS COUNTY,325311,,
1005502,110000606158.0,325311,"C,G,PP,V","Chemicals, Suppliers of CO2",GP-1,Natural Gas,Natural Gas (Weighted U.S. Average),,,48.75,58.11,1005502,"East Dubuque Nitrogen Fertilizers, LLC",16675 HIGHWAY 20 WEST,EAST DUBUQUE,IL,61025.0,42.44311,-90.55686,JO DAVIESS COUNTY,325311,,
1005502,110000606158.0,325311,"C,G,PP,V","Chemicals, Suppliers of CO2",R-1,Natural Gas,Natural Gas (Weighted U.S. Average),,,70.5,84.036,1005502,"East Dubuque Nitrogen Fertilizers, LLC",16675 HIGHWAY 20 WEST,EAST DUBUQUE,IL,61025.0,42.44311,-90.55686,JO DAVIESS COUNTY,325311,,
1005502,110000606158.0,325311,"C,G,PP,V","Chemicals, Suppliers of CO2",Temp Boiler,Petroleum Products,Distillate Fuel Oil No. 2,,,0.25,0.894,1005502,"East Dubuque Nitrogen Fertilizers, LLC",16675 HIGHWAY 20 WEST,EAST DUBUQUE,IL,61025.0,42.44311,-90.55686,JO DAVIESS COUNTY,325311,,
1005502,110000606158.0,325311,"C,G,PP,V","Chemicals, Suppliers of CO2",Temp Boiler,Petroleum Products,Propane Gas,,,0.0,0.0,1005502,"East Dubuque Nitrogen Fertilizers, LLC",16675 HIGHWAY 20 WEST,EAST DUBUQUE,IL,61025.0,42.44311,-90.55686,JO DAVIESS COUNTY,325311,,
1005502,110000606158.0,325311,"C,G,PP,V","Chemicals, Suppliers of CO2",GP-1,Natural Gas,Natural Gas (Weighted U.S. Average),,,47.5,56.62,1005502,"East Dubuque Nitrogen Fertilizers, LLC",16675 HIGHWAY 20 WEST,EAST DUBUQUE,IL,61025.0,42.44311,-90.55686,JO DAVIESS COUNTY,325311,,
1005502,110000606158.0,325311,"C,G,PP,V","Chemicals, Suppliers of CO2",R-1,Natural Gas,Natural Gas (Weighted U.S. Average),,,81.25,96.85,1005502,"East Dubuque Nitrogen Fertilizers, LLC",16675 HIGHWAY 20 WEST,EAST DUBUQUE,IL,61025.0,42.44311,-90.55686,JO DAVIESS COUNTY,325311,,
1005502,110000606158.0,325311,"C,G,PP,V","Chemicals, Suppliers of CO2",GP-1,Natural Gas,Natural Gas (Weighted U.S. Average),,,43.0,51.256,1005502,"East Dubuque Nitrogen Fertilizers, LLC",16675 HIGHWAY 20 WEST,EAST DUBUQUE,IL,61025.0,42.44311,-90.55686,JO DAVIESS COUNTY,325311,,
1005502,110000606158.0,325311,"C,G,PP,V","Chemicals, Suppliers of CO2",R-1,Natural Gas,Natural Gas (Weighted U.S. Average),,,78.25,93.274,1005502,"East Dubuque Nitrogen Fertilizers, LLC",16675 HIGHWAY 20 WEST,EAST DUBUQUE,IL,61025.0,42.44311,-90.55686,JO DAVIESS COUNTY,325311,,
1005502,110000606158.0,325311,"C,G,PP,V","Chemicals, Suppliers of CO2",GP-1,Natural Gas,Natural Gas (Weighted U.S. Average),,,44.75,53.342,1005502,"East Dubuque Nitrogen Fertilizers, LLC",16675 HIGHWAY 20 WEST,EAST DUBUQUE,IL,61025.0,42.44311,-90.55686,JO DAVIESS COUNTY,325311,,
1005502,110000606158.0,325311,"C,G,PP,V","Chemicals, Suppliers of CO2",R-1,Natural Gas,Natural Gas (Weighted U.S. Average),,,76.0,90.592,1005502,"East Dubuque Nitrogen Fertilizers, LLC",16675 HIGHWAY 20 WEST,EAST DUBUQUE,IL,61025.0,42.44311,-90.55686,JO DAVIESS COUNTY,325311,,
1005502,110000606158.0,325311,"C,G,PP,V","Chemicals, Suppliers of CO2",R-1,Natural Gas,Natural Gas (Weighted U.S. Average),,,77.75,92.678,1005502,"East Dubuque Nitrogen Fertilizers, LLC",16675 HIGHWAY 20 WEST,EAST DUBUQUE,IL,61025.0,42.44311,-90.55686,JO DAVIESS COUNTY,325311,,
1005502,110000606158.0,325311,"C,G,PP,V","Chemicals, Suppliers of CO2",GP-1,Natural Gas,Natural Gas (Weighted U.S. Average),,,40.75,48.574,1005502,"East Dubuque Nitrogen Fertilizers, LLC",16675 HIGHWAY 20 WEST,EAST DUBUQUE,IL,61025.0,42.44311,-90.55686,JO DAVIESS COUNTY,325311,,
1005502,110000606158.0,325311,"C,G,PP,V","Chemicals, Suppliers of CO2",R-1,Natural Gas,Natural Gas (Weighted U.S. Average),,,72.25,86.122,1005502,"East Dubuque Nitrogen Fertilizers, LLC",16675 HIGHWAY 20 WEST,EAST DUBUQUE,IL,61025.0,42.44311,-90.55686,JO DAVIESS COUNTY,325311,,
1005502,110000606158.0,325311,"C,G,PP,V","Chemicals, Suppliers of CO2",GP-1,Natural Gas,Natural Gas (Weighted U.S. Average),,,50.5,60.196,1005502,"East Dubuque Nitrogen Fertilizers, LLC",16675 HIGHWAY 20 WEST,EAST DUBUQUE,IL,61025.0,42.44311,-90.55686,JO DAVIESS COUNTY,325311,,
1005502,110000606158.0,325311,"C,G,PP,V","Chemicals, Suppliers of CO2",R-1,Natural Gas,Natural Gas (Weighted U.S. Average),,,50.25,59.898,1005502,"East Dubuque Nitrogen Fertilizers, LLC",16675 HIGHWAY 20 WEST,EAST DUBUQUE,IL,61025.0,42.44311,-90.55686,JO DAVIESS COUNTY,325311,,
1005502,110000606158.0,325311,"C,G,PP,V","Chemicals, Suppliers of CO2",GP-1,Natural Gas,Natural Gas (Weighted U.S. Average),,,49.75,59.302,1005502,"East Dubuque Nitrogen Fertilizers, LLC",16675 HIGHWAY 20 WEST,EAST DUBUQUE,IL,61025.0,42.44311,-90.55686,JO DAVIESS COUNTY,325311,,
1005502,110000606158.0,325311,"C,G,PP,V","Chemicals, Suppliers of CO2",R-1,Natural Gas,Natural Gas (Weighted U.S. Average),,,58.5,69.732,1005502,"East Dubuque Nitrogen Fertilizers, LLC",16675 HIGHWAY 20 WEST,EAST DUBUQUE,IL,61025.0,42.44311,-90.55686,JO DAVIESS COUNTY,325311,,
1005502,110000606158.0,325311,"C,G,PP,V","Chemicals, Suppliers of CO2",GP-1,Natural Gas,Natural Gas (Weighted U.S. Average),,,44.5,53.64,1005502,"East Dubuque Nitrogen Fertilizers, LLC",16675 HIGHWAY 20 WEST,EAST DUBUQUE,IL,61025.0,42.44311,-90.55686,JO DAVIESS COUNTY,325311,,
1005502,110000606158.0,325311,"C,G,PP,V","Chemicals, Suppliers of CO2",R-1,Natural Gas,Natural Gas (Weighted U.S. Average),,,55.5,65.56,1005502,"East Dubuque Nitrogen Fertilizers, LLC",16675 HIGHWAY 20 WEST,EAST DUBUQUE,IL,61025.0,42.44311,-90.55686,JO DAVIESS COUNTY,325311,,
1003993,110000746373.0,325311,"C,G,V",Chemicals,Ammonia Plant Primary Reformer,Natural Gas,Natural Gas (Weighted U.S. Average),,,238.0,283.696,1003993,EL DORADO CHEMICAL COMPANY,4500 NORTHWEST AVE.,EL DORADO,AR,71730.0,33.22521,-92.6471,UNION COUNTY,325311,,
1003993,110000746373.0,325311,"C,G,V",Chemicals,GP-EDCC,Natural Gas,Natural Gas (Weighted U.S. Average),,,27.5,32.78,1003993,EL DORADO CHEMICAL COMPANY,4500 NORTHWEST AVE.,EL DORADO,AR,71730.0,33.22521,-92.6471,UNION COUNTY,325311,,
1003993,110000746373.0,325311,"C,G,V",Chemicals,Ammonia Plant Primary Reformer,Natural Gas,Natural Gas (Weighted U.S. Average),,,131.0,156.152,1003993,EL DORADO CHEMICAL COMPANY,4500 NORTHWEST AVE.,EL DORADO,AR,71730.0,33.22521,-92.6471,UNION COUNTY,325311,,
1003993,110000746373.0,325311,"C,G,V",Chemicals,GP-EDCC,Natural Gas,Natural Gas (Weighted U.S. Average),,,22.0,26.224,1003993,EL DORADO CHEMICAL COMPANY,4500 NORTHWEST AVE.,EL DORADO,AR,71730.0,33.22521,-92.6471,UNION COUNTY,325311,,
1003993,110000746373.0,325311,"C,G,V",Chemicals,Ammonia Plant Primary Reformer,Natural Gas,Natural Gas (Weighted U.S. Average),,,126.75,151.086,1003993,EL DORADO CHEMICAL COMPANY,4500 NORTHWEST AVE.,EL DORADO,AR,71730.0,33.22521,-92.6471,UNION COUNTY,325311,,
1003993,110000746373.0,325311,"C,G,V",Chemicals,GP-EDCC,Natural Gas,Natural Gas (Weighted U.S. Average),,,21.5,25.628,1003993,EL DORADO CHEMICAL COMPANY,4500 NORTHWEST AVE.,EL DORADO,AR,71730.0,33.22521,-92.6471,UNION COUNTY,325311,,
1003993,110000746373.0,325311,"C,G,V",Chemicals,Ammonia Plant Primary Reformer,Natural Gas,Natural Gas (Weighted U.S. Average),,,122.5,146.02,1003993,EL DORADO CHEMICAL COMPANY,4500 NORTHWEST AVE.,EL DORADO,AR,71730.0,33.22521,-92.6471,UNION COUNTY,325311,,
1003993,110000746373.0,325311,"C,G,V",Chemicals,GP-EDCC,Natural Gas,Natural Gas (Weighted U.S. Average),,,11.25,13.41,1003993,EL DORADO CHEMICAL COMPANY,4500 NORTHWEST AVE.,EL DORADO,AR,71730.0,33.22521,-92.6471,UNION COUNTY,325311,,
1003993,110000746373.0,325311,"C,G,V",Chemicals,Ammonia Plant Primary Reformer,Natural Gas,Natural Gas (Weighted U.S. Average),,,62.25,74.202,1003993,EL DORADO CHEMICAL COMPANY,4500 NORTHWEST AVE.,EL DORADO,AR,71730.0,33.22521,-92.6471,UNION COUNTY,325311,,
1003993,110000746373.0,325311,"C,G,V",Chemicals,GP-EDCC,Natural Gas,Natural Gas (Weighted U.S. Average),,,36.0,42.912,1003993,EL DORADO CHEMICAL COMPANY,4500 NORTHWEST AVE.,EL DORADO,AR,71730.0,33.22521,-92.6471,UNION COUNTY,325311,,
1003993,110000746373.0,325311,"C,V",Chemicals,"GP-SN16A,SN16B,SN-61, Comfort Heating",Natural Gas,Natural Gas (Weighted U.S. Average),,,8.25,9.834,1003993,EL DORADO CHEMICAL COMPANY,4500 NORTHWEST AVE.,EL DORADO,AR,71730.0,33.22521,-92.6471,UNION COUNTY,325311,,
1003993,110000746373.0,325311,"C,V",Chemicals,"GP-SN16A,SN16B, Comfort Heating",Natural Gas,Natural Gas (Weighted U.S. Average),,,7.5,8.94,1003993,EL DORADO CHEMICAL COMPANY,4500 NORTHWEST AVE.,EL DORADO,AR,71730.0,33.22521,-92.6471,UNION COUNTY,325311,,
1003993,110000746373.0,325311,"C,V",Chemicals,"GP-SN16A,SN16B, Comfort Heating",Natural Gas,Natural Gas (Weighted U.S. Average),,,7.5,75.99,1003993,EL DORADO CHEMICAL COMPANY,4500 NORTHWEST AVE.,EL DORADO,AR,71730.0,33.22521,-92.6471,UNION COUNTY,325311,,
1003993,110000746373.0,325311,"C,V",Chemicals,"GP-SN16A,SN16B, Comfort Heating",Natural Gas,Natural Gas (Weighted U.S. Average),,,18.5,20.86,1003993,EL DORADO CHEMICAL COMPANY,4500 NORTHWEST AVE.,EL DORADO,AR,71730.0,33.22521,-92.6471,UNION COUNTY,325311,,
1003993,110000746373.0,325311,"C,V",Chemicals,"GP-SN16A,SN16B, Comfort Heating",Natural Gas,Natural Gas (Weighted U.S. Average),,,14.0,16.39,1003993,EL DORADO CHEMICAL COMPANY,4500 NORTHWEST AVE.,EL DORADO,AR,71730.0,33.22521,-92.6471,UNION COUNTY,325311,,
1002440,110022360899.0,221210,"C,G,LL,PP","Chemicals, Coal-based Liquid Fuel Supply, Suppliers of CO2",A Riley,Natural Gas,Natural Gas (Weighted U.S. Average),SNG,,0.0,0.0,1002440,Great Plains Synfuels Plant,420 COUNTY 26,BEULAH,ND,58523.0,47.360814,-101.838222,MERCER COUNTY,221210,,
1002440,110022360899.0,221210,"C,G,LL,PP","Chemicals, Coal-based Liquid Fuel Supply, Suppliers of CO2",A Riley,Other,Fuel Gas,Waste Gas,,0.0,0.0,1002440,Great Plains Synfuels Plant,420 COUNTY 26,BEULAH,ND,58523.0,47.360814,-101.838222,MERCER COUNTY,221210,,
1002440,110022360899.0,221210,"C,G,LL,PP","Chemicals, Coal-based Liquid Fuel Supply, Suppliers of CO2",A Riley,Other,Fuel Gas,Medium BTU,,0.0,0.0,1002440,Great Plains Synfuels Plant,420 COUNTY 26,BEULAH,ND,58523.0,47.360814,-101.838222,MERCER COUNTY,221210,,
1002440,110022360899.0,221210,"C,G,LL,PP","Chemicals, Coal-based Liquid Fuel Supply, Suppliers of CO2",A Riley,Petroleum Products,Naphtha (<401 deg F),Naptha,,0.0,0.0,1002440,Great Plains Synfuels Plant,420 COUNTY 26,BEULAH,ND,58523.0,47.360814,-101.838222,MERCER COUNTY,221210,,
1002440,110022360899.0,221210,"C,G,LL,PP","Chemicals, Coal-based Liquid Fuel Supply, Suppliers of CO2",A Riley,Petroleum Products,Other Oil (>401 deg F),Tar Oil,,0.0,0.0,1002440,Great Plains Synfuels Plant,420 COUNTY 26,BEULAH,ND,58523.0,47.360814,-101.838222,MERCER COUNTY,221210,,
1002440,110022360899.0,221210,"C,G,LL,PP","Chemicals, Coal-based Liquid Fuel Supply, Suppliers of CO2",Ammonia Plant Feed Gas Heater,Natural Gas,Natural Gas (Weighted U.S. Average),SNG,,0.0,0.0,1002440,Great Plains Synfuels Plant,420 COUNTY 26,BEULAH,ND,58523.0,47.360814,-101.838222,MERCER COUNTY,221210,,
1002440,110022360899.0,221210,"C,G,LL,PP","Chemicals, Coal-based Liquid Fuel Supply, Suppliers of CO2",Ammonia Plant Feed Gas Heater,Other,Fuel Gas,Purge,,0.0,0.0,1002440,Great Plains Synfuels Plant,420 COUNTY 26,BEULAH,ND,58523.0,47.360814,-101.838222,MERCER COUNTY,221210,,
1002440,110022360899.0,221210,"C,G,LL,PP","Chemicals, Coal-based Liquid Fuel Supply, Suppliers of CO2",B Riley,Natural Gas,Natural Gas (Weighted U.S. Average),SNG,,0.0,0.0,1002440,Great Plains Synfuels Plant,420 COUNTY 26,BEULAH,ND,58523.0,47.360814,-101.838222,MERCER COUNTY,221210,,
1002440,110022360899.0,221210,"C,G,LL,PP","Chemicals, Coal-based Liquid Fuel Supply, Suppliers of CO2",B Riley,Other,Fuel Gas,Waste Gas,,0.0,0.0,1002440,Great Plains Synfuels Plant,420 COUNTY 26,BEULAH,ND,58523.0,47.360814,-101.838222,MERCER COUNTY,221210,,
1002440,110022360899.0,221210,"C,G,LL,PP","Chemicals, Coal-based Liquid Fuel Supply, Suppliers of CO2",B Riley,Other,Fuel Gas,Medium BTU,,0.0,0.0,1002440,Great Plains Synfuels Plant,420 COUNTY 26,BEULAH,ND,58523.0,47.360814,-101.838222,MERCER COUNTY,221210,,
1002440,110022360899.0,221210,"C,G,LL,PP","Chemicals, Coal-based Liquid Fuel Supply, Suppliers of CO2",B Riley,Petroleum Products,Naphtha (<401 deg F),Naptha,,0.0,0.0,1002440,Great Plains Synfuels Plant,420 COUNTY 26,BEULAH,ND,58523.0,47.360814,-101.838222,MERCER COUNTY,221210,,
1002440,110022360899.0,221210,"C,G,LL,PP","Chemicals, Coal-based Liquid Fuel Supply, Suppliers of CO2",B Riley,Petroleum Products,Other Oil (>401 deg F),Tar Oil,,0.0,0.0,1002440,Great Plains Synfuels Plant,420 COUNTY 26,BEULAH,ND,58523.0,47.360814,-101.838222,MERCER COUNTY,221210,,
1002440,110022360899.0,221210,"C,G,LL,PP","Chemicals, Coal-based Liquid Fuel Supply, Suppliers of CO2",Final Product Dryer (5800),Natural Gas,Natural Gas (Weighted U.S. Average),SNG,,0.0,0.0,1002440,Great Plains Synfuels Plant,420 COUNTY 26,BEULAH,ND,58523.0,47.360814,-101.838222,MERCER COUNTY,221210,,
1002440,110022360899.0,221210,"C,G,LL,PP","Chemicals, Coal-based Liquid Fuel Supply, Suppliers of CO2",Raw Product Dryer (5800),Natural Gas,Natural Gas (Weighted U.S. Average),SNG,,0.0,0.0,1002440,Great Plains Synfuels Plant,420 COUNTY 26,BEULAH,ND,58523.0,47.360814,-101.838222,MERCER COUNTY,221210,,
1002440,110022360899.0,221210,"C,G,LL,PP","Chemicals, Coal-based Liquid Fuel Supply, Suppliers of CO2",Rentech Boiler,Natural Gas,Natural Gas (Weighted U.S. Average),SNG,,0.0,0.0,1002440,Great Plains Synfuels Plant,420 COUNTY 26,BEULAH,ND,58523.0,47.360814,-101.838222,MERCER COUNTY,221210,,
1002440,110022360899.0,221210,"C,G,LL,PP","Chemicals, Coal-based Liquid Fuel Supply, Suppliers of CO2",S Riley,Natural Gas,Natural Gas (Weighted U.S. Average),SNG,,0.0,0.0,1002440,Great Plains Synfuels Plant,420 COUNTY 26,BEULAH,ND,58523.0,47.360814,-101.838222,MERCER COUNTY,221210,,
1002440,110022360899.0,221210,"C,G,LL,PP","Chemicals, Coal-based Liquid Fuel Supply, Suppliers of CO2",S Riley,Other,Fuel Gas,Medium BTU,,0.0,0.0,1002440,Great Plains Synfuels Plant,420 COUNTY 26,BEULAH,ND,58523.0,47.360814,-101.838222,MERCER COUNTY,221210,,
1002440,110022360899.0,221210,"C,G,LL,PP","Chemicals, Coal-based Liquid Fuel Supply, Suppliers of CO2",S Riley,Other,Fuel Gas,Waste Gas,,0.0,0.0,1002440,Great Plains Synfuels Plant,420 COUNTY 26,BEULAH,ND,58523.0,47.360814,-101.838222,MERCER COUNTY,221210,,
1002440,110022360899.0,221210,"C,G,LL,PP","Chemicals, Coal-based Liquid Fuel Supply, Suppliers of CO2",S Riley,Petroleum Products,Naphtha (<401 deg F),Naptha,,0.0,0.0,1002440,Great Plains Synfuels Plant,420 COUNTY 26,BEULAH,ND,58523.0,47.360814,-101.838222,MERCER COUNTY,221210,,
1002440,110022360899.0,221210,"C,G,LL,PP","Chemicals, Coal-based Liquid Fuel Supply, Suppliers of CO2",S Riley,Petroleum Products,Other Oil (>401 deg F),Tar Oil,,0.0,0.0,1002440,Great Plains Synfuels Plant,420 COUNTY 26,BEULAH,ND,58523.0,47.360814,-101.838222,MERCER COUNTY,221210,,
1002440,110022360899.0,221210,"C,G,LL,PP","Chemicals, Coal-based Liquid Fuel Supply, Suppliers of CO2",A Riley,Other,Fuel Gas,MBTU,,0.0,0.0,1002440,Great Plains Synfuels Plant,420 COUNTY 26,BEULAH,ND,58523.0,47.360814,-101.838222,MERCER COUNTY,221210,,
1002440,110022360899.0,221210,"C,G,LL,PP","Chemicals, Coal-based Liquid Fuel Supply, Suppliers of CO2",A Riley,Other,,Synthetic Natural Gas,,0.0,0.0,1002440,Great Plains Synfuels Plant,420 COUNTY 26,BEULAH,ND,58523.0,47.360814,-101.838222,MERCER COUNTY,221210,,
1002440,110022360899.0,221210,"C,G,LL,PP","Chemicals, Coal-based Liquid Fuel Supply, Suppliers of CO2",Ammonia Plant Feed Gas Heater,Other,,Purge Gas,,0.0,0.0,1002440,Great Plains Synfuels Plant,420 COUNTY 26,BEULAH,ND,58523.0,47.360814,-101.838222,MERCER COUNTY,221210,,
1002440,110022360899.0,221210,"C,G,LL,PP","Chemicals, Coal-based Liquid Fuel Supply, Suppliers of CO2",Ammonia Plant Feed Gas Heater,Other,,Synthetic Natural Gas,,0.0,0.0,1002440,Great Plains Synfuels Plant,420 COUNTY 26,BEULAH,ND,58523.0,47.360814,-101.838222,MERCER COUNTY,221210,,
1002440,110022360899.0,221210,"C,G,LL,PP","Chemicals, Coal-based Liquid Fuel Supply, Suppliers of CO2",B Riley,Other,Fuel Gas,MBTU,,0.0,0.0,1002440,Great Plains Synfuels Plant,420 COUNTY 26,BEULAH,ND,58523.0,47.360814,-101.838222,MERCER COUNTY,221210,,
1002440,110022360899.0,221210,"C,G,LL,PP","Chemicals, Coal-based Liquid Fuel Supply, Suppliers of CO2",B Riley,Other,,Synthetic Natural Gas,,0.0,0.0,1002440,Great Plains Synfuels Plant,420 COUNTY 26,BEULAH,ND,58523.0,47.360814,-101.838222,MERCER COUNTY,221210,,
1002440,110022360899.0,221210,"C,G,LL,PP","Chemicals, Coal-based Liquid Fuel Supply, Suppliers of CO2",B Riley,Petroleum Products,Naphtha (<401 deg F),,,71.0,169.264,1002440,Great Plains Synfuels Plant,420 COUNTY 26,BEULAH,ND,58523.0,47.360814,-101.838222,MERCER COUNTY,221210,,
1002440,110022360899.0,221210,"C,G,LL,PP","Chemicals, Coal-based Liquid Fuel Supply, Suppliers of CO2",Final Product Dryer (5800),Other,,Synthetic Natural Gas,,0.0,0.0,1002440,Great Plains Synfuels Plant,420 COUNTY 26,BEULAH,ND,58523.0,47.360814,-101.838222,MERCER COUNTY,221210,,
1002440,110022360899.0,221210,"C,G,LL,PP","Chemicals, Coal-based Liquid Fuel Supply, Suppliers of CO2",Raw Product Dryer (5800),Other,,Synthetic Natural Gas,,0.0,0.0,1002440,Great Plains Synfuels Plant,420 COUNTY 26,BEULAH,ND,58523.0,47.360814,-101.838222,MERCER COUNTY,221210,,
1002440,110022360899.0,221210,"C,G,LL,PP","Chemicals, Coal-based Liquid Fuel Supply, Suppliers of CO2",Rentech Boiler,Other,,Synthetic Natural Gas,,0.0,0.0,1002440,Great Plains Synfuels Plant,420 COUNTY 26,BEULAH,ND,58523.0,47.360814,-101.838222,MERCER COUNTY,221210,,
1002440,110022360899.0,221210,"C,G,LL,PP","Chemicals, Coal-based Liquid Fuel Supply, Suppliers of CO2",S Riley,Other,Fuel Gas,MBTU,,0.0,0.0,1002440,Great Plains Synfuels Plant,420 COUNTY 26,BEULAH,ND,58523.0,47.360814,-101.838222,MERCER COUNTY,221210,,
1002440,110022360899.0,221210,"C,G,LL,PP","Chemicals, Coal-based Liquid Fuel Supply, Suppliers of CO2",S Riley,Other,,Synthetic Natural Gas,,0.0,0.0,1002440,Great Plains Synfuels Plant,420 COUNTY 26,BEULAH,ND,58523.0,47.360814,-101.838222,MERCER COUNTY,221210,,
1002440,110022360899.0,221210,"C,G,LL,PP","Chemicals, Coal-based Liquid Fuel Supply, Suppliers of CO2",S Riley,Petroleum Products,Naphtha (<401 deg F),,,57.25,136.484,1002440,Great Plains Synfuels Plant,420 COUNTY 26,BEULAH,ND,58523.0,47.360814,-101.838222,MERCER COUNTY,221210,,
1002440,110022360899.0,221210,"C,G,LL,PP","Chemicals, Coal-based Liquid Fuel Supply, Suppliers of CO2",B Riley,Petroleum Products,Naphtha (<401 deg F),,,54.25,129.63,1002440,Great Plains Synfuels Plant,420 COUNTY 26,BEULAH,ND,58523.0,47.360814,-101.838222,MERCER COUNTY,221210,,
1002440,110022360899.0,221210,"C,G,LL,PP","Chemicals, Coal-based Liquid Fuel Supply, Suppliers of CO2",Ammonia Plant Feed Gas Heater,Other,Fuel Gas,Waste Gas,,0.0,0.0,1002440,Great Plains Synfuels Plant,420 COUNTY 26,BEULAH,ND,58523.0,47.360814,-101.838222,MERCER COUNTY,221210,,
1002440,110022360899.0,221210,"C,G,LL,PP","Chemicals, Coal-based Liquid Fuel Supply, Suppliers of CO2",Ammonia Plant Start Up Heater,Natural Gas,Natural Gas (Weighted U.S. Average),SNG,,0.0,0.0,1002440,Great Plains Synfuels Plant,420 COUNTY 26,BEULAH,ND,58523.0,47.360814,-101.838222,MERCER COUNTY,221210,,
1002440,110022360899.0,221210,"C,G,LL,PP","Chemicals, Coal-based Liquid Fuel Supply, Suppliers of CO2",B Riley,Petroleum Products,Naphtha (<401 deg F),,,47.5,112.942,1002440,Great Plains Synfuels Plant,420 COUNTY 26,BEULAH,ND,58523.0,47.360814,-101.838222,MERCER COUNTY,221210,,
1002440,110022360899.0,221210,"C,G,LL,PP","Chemicals, Coal-based Liquid Fuel Supply, Suppliers of CO2",B Riley,Petroleum Products,Naphtha (<401 deg F),Naphtha/phenol,,0.0,0.0,1002440,Great Plains Synfuels Plant,420 COUNTY 26,BEULAH,ND,58523.0,47.360814,-101.838222,MERCER COUNTY,221210,,
1002440,110022360899.0,221210,"C,G,LL,PP","Chemicals, Coal-based Liquid Fuel Supply, Suppliers of CO2",A Riley,Other,Fuel Gas,CO2,,0.0,0.0,1002440,Great Plains Synfuels Plant,420 COUNTY 26,BEULAH,ND,58523.0,47.360814,-101.838222,MERCER COUNTY,221210,,
1002440,110022360899.0,221210,"C,G,LL,PP","Chemicals, Coal-based Liquid Fuel Supply, Suppliers of CO2",A Riley,Petroleum Products,Other Oil (>401 deg F),Tar oil,,0.0,0.0,1002440,Great Plains Synfuels Plant,420 COUNTY 26,BEULAH,ND,58523.0,47.360814,-101.838222,MERCER COUNTY,221210,,
1002440,110022360899.0,221210,"C,G,LL,PP","Chemicals, Coal-based Liquid Fuel Supply, Suppliers of CO2",Ammonia Plant Feed Gas Heater,Natural Gas,Natural Gas (Weighted U.S. Average),,,40.0,59.6,1002440,Great Plains Synfuels Plant,420 COUNTY 26,BEULAH,ND,58523.0,47.360814,-101.838222,MERCER COUNTY,221210,,
1002440,110022360899.0,221210,"C,G,LL,PP","Chemicals, Coal-based Liquid Fuel Supply, Suppliers of CO2",Ammonia Plant Start-Up Heater,Natural Gas,Natural Gas (Weighted U.S. Average),,,0.0,0.0,1002440,Great Plains Synfuels Plant,420 COUNTY 26,BEULAH,ND,58523.0,47.360814,-101.838222,MERCER COUNTY,221210,,
1002440,110022360899.0,221210,"C,G,LL,PP","Chemicals, Coal-based Liquid Fuel Supply, Suppliers of CO2",B Riley,Other,Fuel Gas,CO2,,0.0,0.0,1002440,Great Plains Synfuels Plant,420 COUNTY 26,BEULAH,ND,58523.0,47.360814,-101.838222,MERCER COUNTY,221210,,
1002440,110022360899.0,221210,"C,G,LL,PP","Chemicals, Coal-based Liquid Fuel Supply, Suppliers of CO2",B Riley,Petroleum Products,Other Oil (>401 deg F),Tar oil,,0.0,0.0,1002440,Great Plains Synfuels Plant,420 COUNTY 26,BEULAH,ND,58523.0,47.360814,-101.838222,MERCER COUNTY,221210,,
1002440,110022360899.0,221210,"C,G,LL,PP","Chemicals, Coal-based Liquid Fuel Supply, Suppliers of CO2",Final Product Dryer (5800),Natural Gas,Natural Gas (Weighted U.S. Average),,,0.75,0.894,1002440,Great Plains Synfuels Plant,420 COUNTY 26,BEULAH,ND,58523.0,47.360814,-101.838222,MERCER COUNTY,221210,,
1002440,110022360899.0,221210,"C,G,LL,PP","Chemicals, Coal-based Liquid Fuel Supply, Suppliers of CO2",Raw Product Dryer (5800),Natural Gas,Natural Gas (Weighted U.S. Average),,,0.5,0.596,1002440,Great Plains Synfuels Plant,420 COUNTY 26,BEULAH,ND,58523.0,47.360814,-101.838222,MERCER COUNTY,221210,,
1002440,110022360899.0,221210,"C,G,LL,PP","Chemicals, Coal-based Liquid Fuel Supply, Suppliers of CO2",S Riley,Petroleum Products,Other Oil (>401 deg F),Tar oil,,0.0,0.0,1002440,Great Plains Synfuels Plant,420 COUNTY 26,BEULAH,ND,58523.0,47.360814,-101.838222,MERCER COUNTY,221210,,
1002440,110022360899.0,221210,"C,G,LL,PP","Chemicals, Coal-based Liquid Fuel Supply, Suppliers of CO2",A Riley,Other,Fuel Gas,CO2 gas,,0.0,0.0,1002440,Great Plains Synfuels Plant,420 COUNTY 26,BEULAH,ND,58523.0,47.360814,-101.838222,MERCER COUNTY,221210,,
1002440,110022360899.0,221210,"C,G,LL,PP","Chemicals, Coal-based Liquid Fuel Supply, Suppliers of CO2",A Riley,Other,Fuel Gas,Medium BTU gas,,0.0,0.0,1002440,Great Plains Synfuels Plant,420 COUNTY 26,BEULAH,ND,58523.0,47.360814,-101.838222,MERCER COUNTY,221210,,
1002440,110022360899.0,221210,"C,G,LL,PP","Chemicals, Coal-based Liquid Fuel Supply, Suppliers of CO2",Ammonia Plant Feed Gas Heater,Natural Gas,Natural Gas (Weighted U.S. Average),,,35.5,42.316,1002440,Great Plains Synfuels Plant,420 COUNTY 26,BEULAH,ND,58523.0,47.360814,-101.838222,MERCER COUNTY,221210,,
1002440,110022360899.0,221210,"C,G,LL,PP","Chemicals, Coal-based Liquid Fuel Supply, Suppliers of CO2",B Riley,Other,Fuel Gas,CO2 gas,,0.0,0.0,1002440,Great Plains Synfuels Plant,420 COUNTY 26,BEULAH,ND,58523.0,47.360814,-101.838222,MERCER COUNTY,221210,,
1002440,110022360899.0,221210,"C,G,LL,PP","Chemicals, Coal-based Liquid Fuel Supply, Suppliers of CO2",B Riley,Other,Fuel Gas,Medium BTU gas,,0.0,0.0,1002440,Great Plains Synfuels Plant,420 COUNTY 26,BEULAH,ND,58523.0,47.360814,-101.838222,MERCER COUNTY,221210,,
1002440,110022360899.0,221210,"C,G,LL,PP","Chemicals, Coal-based Liquid Fuel Supply, Suppliers of CO2",S Riley,Other,Fuel Gas,CO2 gas,,0.0,0.0,1002440,Great Plains Synfuels Plant,420 COUNTY 26,BEULAH,ND,58523.0,47.360814,-101.838222,MERCER COUNTY,221210,,
1002440,110022360899.0,221210,"C,G,LL,PP","Chemicals, Coal-based Liquid Fuel Supply, Suppliers of CO2",S Riley,Other,Fuel Gas,Medium BTU gas,,0.0,0.0,1002440,Great Plains Synfuels Plant,420 COUNTY 26,BEULAH,ND,58523.0,47.360814,-101.838222,MERCER COUNTY,221210,,
1002440,110022360899.0,221210,"C,G,PP","Chemicals, Suppliers of CO2",A Riley,Natural Gas,Natural Gas (Weighted U.S. Average),SNG,,0.0,0.0,1002440,Great Plains Synfuels Plant,420 COUNTY 26,BEULAH,ND,58523.0,47.360814,-101.838222,MERCER COUNTY,221210,,
1002440,110022360899.0,221210,"C,G,PP","Chemicals, Suppliers of CO2",A Riley,Other,Fuel Gas,CO2 gas,,0.0,0.0,1002440,Great Plains Synfuels Plant,420 COUNTY 26,BEULAH,ND,58523.0,47.360814,-101.838222,MERCER COUNTY,221210,,
1002440,110022360899.0,221210,"C,G,PP","Chemicals, Suppliers of CO2",A Riley,Other,Fuel Gas,Medium BTU gas,,0.0,0.0,1002440,Great Plains Synfuels Plant,420 COUNTY 26,BEULAH,ND,58523.0,47.360814,-101.838222,MERCER COUNTY,221210,,
1002440,110022360899.0,221210,"C,G,PP","Chemicals, Suppliers of CO2",A Riley,Petroleum Products,Other Oil (>401 deg F),Tar Oil,,0.0,0.0,1002440,Great Plains Synfuels Plant,420 COUNTY 26,BEULAH,ND,58523.0,47.360814,-101.838222,MERCER COUNTY,221210,,
1002440,110022360899.0,221210,"C,G,PP","Chemicals, Suppliers of CO2",Ammonia Plant Feed Gas Heater,Natural Gas,Natural Gas (Weighted U.S. Average),,,41.25,49.17,1002440,Great Plains Synfuels Plant,420 COUNTY 26,BEULAH,ND,58523.0,47.360814,-101.838222,MERCER COUNTY,221210,,
1002440,110022360899.0,221210,"C,G,PP","Chemicals, Suppliers of CO2",Ammonia Plant Start-Up Heater,Natural Gas,Natural Gas (Weighted U.S. Average),,,0.0,0.0,1002440,Great Plains Synfuels Plant,420 COUNTY 26,BEULAH,ND,58523.0,47.360814,-101.838222,MERCER COUNTY,221210,,
1002440,110022360899.0,221210,"C,G,PP","Chemicals, Suppliers of CO2",B Riley,Other,Fuel Gas,CO2 gas,,0.0,0.0,1002440,Great Plains Synfuels Plant,420 COUNTY 26,BEULAH,ND,58523.0,47.360814,-101.838222,MERCER COUNTY,221210,,
1002440,110022360899.0,221210,"C,G,PP","Chemicals, Suppliers of CO2",B Riley,Other,Fuel Gas,Medium BTU gas,,0.0,0.0,1002440,Great Plains Synfuels Plant,420 COUNTY 26,BEULAH,ND,58523.0,47.360814,-101.838222,MERCER COUNTY,221210,,
1002440,110022360899.0,221210,"C,G,PP","Chemicals, Suppliers of CO2",B Riley,Petroleum Products,Other Oil (>401 deg F),Tar Oil,,0.0,0.0,1002440,Great Plains Synfuels Plant,420 COUNTY 26,BEULAH,ND,58523.0,47.360814,-101.838222,MERCER COUNTY,221210,,
1002440,110022360899.0,221210,"C,G,PP","Chemicals, Suppliers of CO2",Final Product Dryer (5800),Natural Gas,Natural Gas (Weighted U.S. Average),,,0.5,0.596,1002440,Great Plains Synfuels Plant,420 COUNTY 26,BEULAH,ND,58523.0,47.360814,-101.838222,MERCER COUNTY,221210,,
1002440,110022360899.0,221210,"C,G,PP","Chemicals, Suppliers of CO2",Raw Product Dryer (5800),Natural Gas,Natural Gas (Weighted U.S. Average),,,0.75,0.894,1002440,Great Plains Synfuels Plant,420 COUNTY 26,BEULAH,ND,58523.0,47.360814,-101.838222,MERCER COUNTY,221210,,
1002440,110022360899.0,221210,"C,G,PP","Chemicals, Suppliers of CO2",S Riley,Natural Gas,Natural Gas (Weighted U.S. Average),SNG,,0.0,0.0,1002440,Great Plains Synfuels Plant,420 COUNTY 26,BEULAH,ND,58523.0,47.360814,-101.838222,MERCER COUNTY,221210,,
1002440,110022360899.0,221210,"C,G,PP","Chemicals, Suppliers of CO2",S Riley,Other,Fuel Gas,CO2 gas,,0.0,0.0,1002440,Great Plains Synfuels Plant,420 COUNTY 26,BEULAH,ND,58523.0,47.360814,-101.838222,MERCER COUNTY,221210,,
1002440,110022360899.0,221210,"C,G,PP","Chemicals, Suppliers of CO2",S Riley,Other,Fuel Gas,Medium BTU gas,,0.0,0.0,1002440,Great Plains Synfuels Plant,420 COUNTY 26,BEULAH,ND,58523.0,47.360814,-101.838222,MERCER COUNTY,221210,,
1002440,110022360899.0,221210,"C,G,PP","Chemicals, Suppliers of CO2",S Riley,Petroleum Products,Other Oil (>401 deg F),Tar Oil,,0.0,0.0,1002440,Great Plains Synfuels Plant,420 COUNTY 26,BEULAH,ND,58523.0,47.360814,-101.838222,MERCER COUNTY,221210,,
1006575,110000596846.0,325311,"C,G,PP,V","Chemicals, Suppliers of CO2",CP-1,Natural Gas,Natural Gas (Weighted U.S. Average),,,100.0,119.2,1006575,"KOCH FERTILIZER BEATRICE, LLC",21178 SOUTHWEST 89TH ROAD,BEATRICE,NE,68310.0,40.319088,-96.8414,GAGE COUNTY,325311,,
1006575,110000596846.0,325311,"C,G,PP,V","Chemicals, Suppliers of CO2",Diesel Engine,Petroleum Products,Distillate Fuel Oil No. 2,,,0.0,0.0,1006575,"KOCH FERTILIZER BEATRICE, LLC",21178 SOUTHWEST 89TH ROAD,BEATRICE,NE,68310.0,40.319088,-96.8414,GAGE COUNTY,325311,,
1006575,110000596846.0,325311,"C,G,PP,V","Chemicals, Suppliers of CO2",CP-1,Natural Gas,Natural Gas (Weighted U.S. Average),,,100.25,119.498,1006575,"KOCH FERTILIZER BEATRICE, LLC",21178 SOUTHWEST 89TH ROAD,BEATRICE,NE,68310.0,40.319088,-96.8414,GAGE COUNTY,325311,,
1006575,110000596846.0,325311,"C,G,PP,V","Chemicals, Suppliers of CO2",CP-1,Natural Gas,Natural Gas (Weighted U.S. Average),,,94.5,112.644,1006575,"KOCH FERTILIZER BEATRICE, LLC",21178 SOUTHWEST 89TH ROAD,BEATRICE,NE,68310.0,40.319088,-96.8414,GAGE COUNTY,325311,,
1006575,110000596846.0,325311,"C,G,PP,V","Chemicals, Suppliers of CO2",CP-1,Natural Gas,Natural Gas (Weighted U.S. Average),,,97.75,116.518,1006575,"KOCH FERTILIZER BEATRICE, LLC",21178 SOUTHWEST 89TH ROAD,BEATRICE,NE,68310.0,40.319088,-96.8414,GAGE COUNTY,325311,,
1006575,110000596846.0,325311,"C,G,PP,V","Chemicals, Suppliers of CO2",CP-1,Natural Gas,Natural Gas (Weighted U.S. Average),,,99.25,118.306,1006575,"KOCH FERTILIZER BEATRICE, LLC",21178 SOUTHWEST 89TH ROAD,BEATRICE,NE,68310.0,40.319088,-96.8414,GAGE COUNTY,325311,,
1006575,110000596846.0,325311,"C,G,PP,V","Chemicals, Suppliers of CO2",Diesel- engine-,Petroleum Products,Distillate Fuel Oil No. 2,,,0.0,0.0,1006575,"KOCH FERTILIZER BEATRICE, LLC",21178 SOUTHWEST 89TH ROAD,BEATRICE,NE,68310.0,40.319088,-96.8414,GAGE COUNTY,325311,,
1006575,110000596846.0,325311,"C,G,PP,V","Chemicals, Suppliers of CO2",CP-1,Natural Gas,Natural Gas (Weighted U.S. Average),,,80.5,95.956,1006575,"KOCH FERTILIZER BEATRICE, LLC",21178 SOUTHWEST 89TH ROAD,BEATRICE,NE,68310.0,40.319088,-96.8414,GAGE COUNTY,325311,,
1006575,110000596846.0,325311,"C,G,PP,V","Chemicals, Suppliers of CO2",CP-1,Natural Gas,Natural Gas (Weighted U.S. Average),,,95.75,114.134,1006575,"KOCH FERTILIZER BEATRICE, LLC",21178 SOUTHWEST 89TH ROAD,BEATRICE,NE,68310.0,40.319088,-96.8414,GAGE COUNTY,325311,,
1006575,110000596846.0,325311,"C,G,PP,V","Chemicals, Suppliers of CO2",CP-1,Natural Gas,Natural Gas (Weighted U.S. Average),,,99.5,118.604,1006575,"KOCH FERTILIZER BEATRICE, LLC",21178 SOUTHWEST 89TH ROAD,BEATRICE,NE,68310.0,40.319088,-96.8414,GAGE COUNTY,325311,,
1006575,110000596846.0,325311,"C,G,PP,V","Chemicals, Suppliers of CO2",CP-1,Natural Gas,Natural Gas (Weighted U.S. Average),,,89.0,106.088,1006575,"KOCH FERTILIZER BEATRICE, LLC",21178 SOUTHWEST 89TH ROAD,BEATRICE,NE,68310.0,40.319088,-96.8414,GAGE COUNTY,325311,,
1006575,110000596846.0,325311,"C,G,PP,V","Chemicals, Suppliers of CO2",CP-1,Natural Gas,Natural Gas (Weighted U.S. Average),,,97.5,116.22,1006575,"KOCH FERTILIZER BEATRICE, LLC",21178 SOUTHWEST 89TH ROAD,BEATRICE,NE,68310.0,40.319088,-96.8414,GAGE COUNTY,325311,,
1006037,110021074317.0,325311,"C,G,PP,V","Chemicals, Suppliers of CO2",CP-1,Natural Gas,Natural Gas (Weighted U.S. Average),,,119.5,142.444,1006037,"KOCH FERTILIZER DODGE CITY, LLC",11559 U.S. HIGHWAY 50,DODGE CITY,KS,67801.0,37.77995,-100.00572,FORD COUNTY,325311,,
1006037,110021074317.0,325311,"C,G,PP,V","Chemicals, Suppliers of CO2",CP-1,Natural Gas,Natural Gas (Weighted U.S. Average),,,105.5,125.756,1006037,"KOCH FERTILIZER DODGE CITY, LLC",11559 U.S. HIGHWAY 50,DODGE CITY,KS,67801.0,37.77995,-100.00572,FORD COUNTY,325311,,
1006037,110021074317.0,325311,"C,G,PP,V","Chemicals, Suppliers of CO2",CP-1,Natural Gas,Natural Gas (Weighted U.S. Average),,,109.25,130.226,1006037,"KOCH FERTILIZER DODGE CITY, LLC",11559 U.S. HIGHWAY 50,DODGE CITY,KS,67801.0,37.77995,-100.00572,FORD COUNTY,325311,,
1006037,110021074317.0,325311,"C,G,PP,V","Chemicals, Suppliers of CO2",CP-1,Natural Gas,Natural Gas (Weighted U.S. Average),,,103.25,123.074,1006037,"KOCH FERTILIZER DODGE CITY, LLC",11559 U.S. HIGHWAY 50,DODGE CITY,KS,67801.0,37.77995,-100.00572,FORD COUNTY,325311,,
1006037,110021074317.0,325311,"C,G,PP,V","Chemicals, Suppliers of CO2",CP-1,Natural Gas,Natural Gas (Weighted U.S. Average),,,93.75,111.75,1006037,"KOCH FERTILIZER DODGE CITY, LLC",11559 U.S. HIGHWAY 50,DODGE CITY,KS,67801.0,37.77995,-100.00572,FORD COUNTY,325311,,
1006037,110021074317.0,325311,"C,G,PP,V","Chemicals, Suppliers of CO2",CP-1,Natural Gas,Natural Gas (Weighted U.S. Average),,,105.0,125.16,1006037,"KOCH FERTILIZER DODGE CITY, LLC",11559 U.S. HIGHWAY 50,DODGE CITY,KS,67801.0,37.77995,-100.00572,FORD COUNTY,325311,,
1006037,110021074317.0,325311,"C,G,PP,V","Chemicals, Suppliers of CO2",CP-1,Natural Gas,Natural Gas (Weighted U.S. Average),,,103.75,123.67,1006037,"KOCH FERTILIZER DODGE CITY, LLC",11559 U.S. HIGHWAY 50,DODGE CITY,KS,67801.0,37.77995,-100.00572,FORD COUNTY,325311,,
1006037,110021074317.0,325311,"C,G,PP,V","Chemicals, Suppliers of CO2",CP-1,Natural Gas,Natural Gas (Weighted U.S. Average),,,111.75,133.206,1006037,"KOCH FERTILIZER DODGE CITY, LLC",11559 U.S. HIGHWAY 50,DODGE CITY,KS,67801.0,37.77995,-100.00572,FORD COUNTY,325311,,
1006037,110021074317.0,325311,"C,G,PP,V","Chemicals, Suppliers of CO2",CP-1,Natural Gas,Natural Gas (Weighted U.S. Average),,,107.75,128.14,1006037,"KOCH FERTILIZER DODGE CITY, LLC",11559 U.S. HIGHWAY 50,DODGE CITY,KS,67801.0,37.77995,-100.00572,FORD COUNTY,325311,,
1007046,110010507861.0,325311,"C,G,PP,V","Chemicals, Suppliers of CO2",CP-1 natural gas,Natural Gas,Natural Gas (Weighted U.S. Average),,,108.0,128.736,1007046,"Koch Fertilizer Ft. Dodge, LLC",3162 200TH STREET,Duncombe,IA,50532.0,42.499406,-94.017177,WEBSTER COUNTY,325311,,
1007046,110010507861.0,325311,"C,G,PP,V","Chemicals, Suppliers of CO2",CP-1 natural gas,Natural Gas,Natural Gas (Weighted U.S. Average),,,95.5,113.836,1007046,"Koch Fertilizer Ft. Dodge, LLC",3162 200TH STREET,Duncombe,IA,50532.0,42.499406,-94.017177,WEBSTER COUNTY,325311,,
1007046,110010507861.0,325311,"C,G,PP,V","Chemicals, Suppliers of CO2",CP-1 natural gas,Natural Gas,Natural Gas (Weighted U.S. Average),,,122.25,145.722,1007046,"Koch Fertilizer Ft. Dodge, LLC",3162 200TH STREET,Duncombe,IA,50532.0,42.499406,-94.017177,WEBSTER COUNTY,325311,,
1007046,110010507861.0,325311,"C,G,PP,V","Chemicals, Suppliers of CO2",CP-1 natural gas,Natural Gas,Natural Gas (Weighted U.S. Average),,,118.0,140.656,1007046,"Koch Fertilizer Ft. Dodge, LLC",3162 200TH STREET,Duncombe,IA,50532.0,42.499406,-94.017177,WEBSTER COUNTY,325311,,
1007046,110010507861.0,325311,"C,G,PP,V","Chemicals, Suppliers of CO2",CP-1 natural gas,Natural Gas,Natural Gas (Weighted U.S. Average),,,104.0,123.968,1007046,"Koch Fertilizer Ft. Dodge, LLC",3162 200TH STREET,Duncombe,IA,50532.0,42.499406,-94.017177,WEBSTER COUNTY,325311,,
1007046,110010507861.0,325311,"C,G,PP,V","Chemicals, Suppliers of CO2",CP-1 natural gas,Natural Gas,Natural Gas (Weighted U.S. Average),,,117.75,140.358,1007046,"Koch Fertilizer Ft. Dodge, LLC",3162 200TH STREET,Duncombe,IA,50532.0,42.499406,-94.017177,WEBSTER COUNTY,325311,,
1007046,110010507861.0,325311,"C,G,PP,V","Chemicals, Suppliers of CO2",CP-1 natural gas,Natural Gas,Natural Gas (Weighted U.S. Average),,,106.25,125.16,1007046,"Koch Fertilizer Ft. Dodge, LLC",3162 200TH STREET,Duncombe,IA,50532.0,42.499406,-94.017177,WEBSTER COUNTY,325311,,
1007046,110010507861.0,325311,"C,G,PP,V","Chemicals, Suppliers of CO2",CP-1 natural gas,Natural Gas,Natural Gas (Weighted U.S. Average),,,116.0,138.272,1007046,"Koch Fertilizer Ft. Dodge, LLC",3162 200TH STREET,Duncombe,IA,50532.0,42.499406,-94.017177,WEBSTER COUNTY,325311,,
1007046,110010507861.0,325311,"C,G,PP,V","Chemicals, Suppliers of CO2",CP-1 natural gas,Natural Gas,Natural Gas (Weighted U.S. Average),,,88.75,105.79,1007046,"Koch Fertilizer Ft. Dodge, LLC",3162 200TH STREET,Duncombe,IA,50532.0,42.499406,-94.017177,WEBSTER COUNTY,325311,,
1005867,110000598531.0,325311,"C,G,PP,V","Chemicals, Suppliers of CO2",GP-Natural Gas Combustion Sources,Natural Gas,Natural Gas (Weighted U.S. Average),,,6.25,7.45,1005867,PRYOR CHEMICAL COMPANY,4463 HUNT STREET,PRYOR,OK,74361.0,36.241247,-95.278349,MAYES COUNTY,325311,,
1005867,110000598531.0,325311,"C,G,PP,V","Chemicals, Suppliers of CO2",Primary Reformer,Natural Gas,Natural Gas (Weighted U.S. Average),,,37.25,44.402,1005867,PRYOR CHEMICAL COMPANY,4463 HUNT STREET,PRYOR,OK,74361.0,36.241247,-95.278349,MAYES COUNTY,325311,,
1005867,110000598531.0,325311,"C,G,PP,V","Chemicals, Suppliers of CO2",GP-Natural Gas Combustion Sources,Natural Gas,Natural Gas (Weighted U.S. Average),,,6.75,8.046,1005867,PRYOR CHEMICAL COMPANY,4463 HUNT STREET,PRYOR,OK,74361.0,36.241247,-95.278349,MAYES COUNTY,325311,,
1005867,110000598531.0,325311,"C,G,PP,V","Chemicals, Suppliers of CO2",Primary Reformer,Natural Gas,Natural Gas (Weighted U.S. Average),,,30.5,36.356,1005867,PRYOR CHEMICAL COMPANY,4463 HUNT STREET,PRYOR,OK,74361.0,36.241247,-95.278349,MAYES COUNTY,325311,,
1005867,110000598531.0,325311,"C,G,PP,V","Chemicals, Suppliers of CO2",GP-Natural Gas Combustion Sources,Natural Gas,Natural Gas (Weighted U.S. Average),,,11.5,13.708,1005867,PRYOR CHEMICAL COMPANY,4463 HUNT STREET,PRYOR,OK,74361.0,36.241247,-95.278349,MAYES COUNTY,325311,,
1005867,110000598531.0,325311,"C,G,PP,V","Chemicals, Suppliers of CO2",GP-Natural Gas Combustion Sources,Natural Gas,Natural Gas (Weighted U.S. Average),,,10.0,11.92,1005867,PRYOR CHEMICAL COMPANY,4463 HUNT STREET,PRYOR,OK,74361.0,36.241247,-95.278349,MAYES COUNTY,325311,,
1005867,110000598531.0,325311,"C,G,PP,V","Chemicals, Suppliers of CO2",Primary Reformer,Natural Gas,Natural Gas (Weighted U.S. Average),,,25.0,29.8,1005867,PRYOR CHEMICAL COMPANY,4463 HUNT STREET,PRYOR,OK,74361.0,36.241247,-95.278349,MAYES COUNTY,325311,,
1005867,110000598531.0,325311,"C,G,PP,V","Chemicals, Suppliers of CO2",GP-Natural Gas Combustion Sources,Natural Gas,Natural Gas (Weighted U.S. Average),,,10.5,12.516,1005867,PRYOR CHEMICAL COMPANY,4463 HUNT STREET,PRYOR,OK,74361.0,36.241247,-95.278349,MAYES COUNTY,325311,,
1005867,110000598531.0,325311,"C,G,PP,V","Chemicals, Suppliers of CO2",Primary Reformer,Natural Gas,Natural Gas (Weighted U.S. Average),,,35.75,42.614,1005867,PRYOR CHEMICAL COMPANY,4463 HUNT STREET,PRYOR,OK,74361.0,36.241247,-95.278349,MAYES COUNTY,325311,,
1005867,110000598531.0,325311,"C,G,PP,V","Chemicals, Suppliers of CO2",GP-Natural Gas Combustion Sources,Natural Gas,Natural Gas (Weighted U.S. Average),,,39.0,46.488,1005867,PRYOR CHEMICAL COMPANY,4463 HUNT STREET,PRYOR,OK,74361.0,36.241247,-95.278349,MAYES COUNTY,325311,,
1005867,110000598531.0,325311,"C,G,PP,V","Chemicals, Suppliers of CO2",GP-Natural Gas Combustion Sources,Natural Gas,Natural Gas (Weighted U.S. Average),,,40.25,47.978,1005867,PRYOR CHEMICAL COMPANY,4463 HUNT STREET,PRYOR,OK,74361.0,36.241247,-95.278349,MAYES COUNTY,325311,,
1005867,110000598531.0,325311,"C,G,PP,V","Chemicals, Suppliers of CO2",GP-Natural Gas Combustion Sources,Natural Gas,Natural Gas (Weighted U.S. Average),,,32.5,38.74,1005867,PRYOR CHEMICAL COMPANY,4463 HUNT STREET,PRYOR,OK,74361.0,36.241247,-95.278349,MAYES COUNTY,325311,,
1005867,110000598531.0,325311,"C,G,PP,V","Chemicals, Suppliers of CO2",GP-Natural Gas Combustion Sources,Natural Gas,Natural Gas (Weighted U.S. Average),,,38.5,44.7,1005867,PRYOR CHEMICAL COMPANY,4463 HUNT STREET,PRYOR,OK,74361.0,36.241247,-95.278349,MAYES COUNTY,325311,,
1005867,110000598531.0,325311,"C,G,PP,V","Chemicals, Suppliers of CO2",GP-Natural Gas Combustion Sources,Natural Gas,Natural Gas (Weighted U.S. Average),,,48.5,56.62,1005867,PRYOR CHEMICAL COMPANY,4463 HUNT STREET,PRYOR,OK,74361.0,36.241247,-95.278349,MAYES COUNTY,325311,,
1005788,110000454320.0,325311,"C,G,PP,V","Chemicals, Suppliers of CO2",CP-1,Natural Gas,Natural Gas (Weighted U.S. Average),,,199.25,237.506,1005788,TERRA INTERNATIONAL (OKLAHOMA) LLC,1000 TERRA DRIVE,WOODWARD,OK,73801.0,36.43722,-99.47108,WOODWARD COUNTY,325311,,
1005788,110000454320.0,325311,"C,G,PP,V","Chemicals, Suppliers of CO2",CP-1,Natural Gas,Natural Gas (Weighted U.S. Average),,,180.25,214.858,1005788,TERRA INTERNATIONAL (OKLAHOMA) LLC,1000 TERRA DRIVE,WOODWARD,OK,73801.0,36.43722,-99.47108,WOODWARD COUNTY,325311,,
1005788,110000454320.0,325311,"C,G,PP,V","Chemicals, Suppliers of CO2",CP-1,Natural Gas,Natural Gas (Weighted U.S. Average),,,202.5,241.38,1005788,TERRA INTERNATIONAL (OKLAHOMA) LLC,1000 TERRA DRIVE,WOODWARD,OK,73801.0,36.43722,-99.47108,WOODWARD COUNTY,325311,,
1005788,110000454320.0,325311,"C,G,PP,V","Chemicals, Suppliers of CO2",CP-1,Natural Gas,Natural Gas (Weighted U.S. Average),,,176.75,210.686,1005788,TERRA INTERNATIONAL (OKLAHOMA) LLC,1000 TERRA DRIVE,WOODWARD,OK,73801.0,36.43722,-99.47108,WOODWARD COUNTY,325311,,
1005788,110000454320.0,325311,"C,G,PP,V","Chemicals, Suppliers of CO2",CP-1,Natural Gas,Natural Gas (Weighted U.S. Average),,,188.75,224.99,1005788,TERRA INTERNATIONAL (OKLAHOMA) LLC,1000 TERRA DRIVE,WOODWARD,OK,73801.0,36.43722,-99.47108,WOODWARD COUNTY,325311,,
1005788,110000454320.0,325311,"C,G,PP,V","Chemicals, Suppliers of CO2",CP-1,Natural Gas,Natural Gas (Weighted U.S. Average),,,146.25,174.33,1005788,TERRA INTERNATIONAL (OKLAHOMA) LLC,1000 TERRA DRIVE,WOODWARD,OK,73801.0,36.43722,-99.47108,WOODWARD COUNTY,325311,,
1005788,110000454320.0,325311,"C,G,PP,V","Chemicals, Suppliers of CO2",CP-1,Natural Gas,Natural Gas (Weighted U.S. Average),,,139.0,165.688,1005788,TERRA INTERNATIONAL (OKLAHOMA) LLC,1000 TERRA DRIVE,WOODWARD,OK,73801.0,36.43722,-99.47108,WOODWARD COUNTY,325311,,
1005788,110000454320.0,325311,"C,G,PP,V","Chemicals, Suppliers of CO2",CP-1,Natural Gas,Natural Gas (Weighted U.S. Average),,,182.25,217.242,1005788,TERRA INTERNATIONAL (OKLAHOMA) LLC,1000 TERRA DRIVE,WOODWARD,OK,73801.0,36.43722,-99.47108,WOODWARD COUNTY,325311,,
1005788,110000454320.0,325311,"C,G,PP,V","Chemicals, Suppliers of CO2",CP-1,Natural Gas,Natural Gas (Weighted U.S. Average),,,174.75,208.302,1005788,TERRA INTERNATIONAL (OKLAHOMA) LLC,1000 TERRA DRIVE,WOODWARD,OK,73801.0,36.43722,-99.47108,WOODWARD COUNTY,325311,,
1005788,110000454320.0,325311,"C,G,PP,V","Chemicals, Suppliers of CO2",CP-1,Natural Gas,Natural Gas (Weighted U.S. Average),,,192.25,229.162,1005788,TERRA INTERNATIONAL (OKLAHOMA) LLC,1000 TERRA DRIVE,WOODWARD,OK,73801.0,36.43722,-99.47108,WOODWARD COUNTY,325311,,
