TRIFD,FACILITY NAME,PRIMARY NAICS,NAICS 2,NAICS 3,NAICS 4,NAICS 5,NAICS 6,PARENT CO NAME,FRS ID,FRS_ID,FacilityName,Address,City,State,Zip,Latitude,Longitude,County,NAICS,SIC,FacilityID,Source,_merge
19526HDCNCVALLE,ENGINEERED MATERIALS SOLUTIONS HAMBURG FACILITY,331221,issues,issues,issues,issues,issues,ENGINEERED MATERIALS HOLDING INC,110000584939.0,issues,issues,issues,issues,issues,issues,issues,issues,issues,issues,issues,issues,issues,left_only
98108DLTMR1608S,DELTA MARINE INDUSTRIES INC.,336611,issues,issues,issues,issues,issues,issues,110000897290.0,issues,issues,issues,issues,issues,issues,issues,issues,issues,issues,issues,issues,issues,left_only
97210SCCRP2211N,ESCO GROUP,331513,issues,issues,issues,issues,issues,issues,110024423836.0,issues,issues,issues,issues,issues,issues,issues,issues,issues,issues,issues,issues,issues,left_only
44125GBRLT431E4,WORTHINGTON STEEL,331221,issues,issues,issues,issues,issues,WORTHINGTON INDUSTRIES INC,110009488562.0,issues,issues,issues,issues,issues,issues,issues,issues,issues,issues,issues,issues,issues,left_only
3947WRNCCR863LD,RAIN CII CARBON LLC-PURVIS CALCINING PLANT,324199,issues,issues,issues,issues,issues,RAIN CII CARBON LLC,110002206611.0,issues,issues,issues,issues,issues,issues,issues,issues,issues,issues,issues,issues,issues,left_only
48134FLTRC26601,FLAT ROCK METAL INC.,331221,issues,issues,issues,issues,issues,issues,110000405687.0,issues,issues,issues,issues,issues,issues,issues,issues,issues,issues,issues,issues,issues,left_only
49015MGCST31FRI,OMEGA CASTINGS INC,331513,issues,issues,issues,issues,issues,issues,110022411282.0,issues,issues,issues,issues,issues,issues,issues,issues,issues,issues,issues,issues,issues,left_only
77640GRTLKCOKED,OXBOW CALCINING LLC,324199,issues,issues,issues,issues,issues,OXBOW CARBON & MINERALS HOLDINGS INC,110002042502.0,issues,issues,issues,issues,issues,issues,issues,issues,issues,issues,issues,issues,issues,left_only
60140LGLYS1HAUK,ELGILOY SPECIALTY METALS,331221,issues,issues,issues,issues,issues,COMBINED METALS OF CHICAGO LLC,110001855216.0,issues,issues,issues,issues,issues,issues,issues,issues,issues,issues,issues,issues,issues,left_only
15683BLWKNBRIDG,DURALOY TECHNOLOGIES INC,331513,issues,issues,issues,issues,issues,PARK CORP,110000330259.0,issues,issues,issues,issues,issues,issues,issues,issues,issues,issues,issues,issues,issues,left_only
45050WRTHN350LA,WORTHINGTON STEEL CO,331221,issues,issues,issues,issues,issues,WORTHINGTON INDUSTRIES INC,110000392600.0,issues,issues,issues,issues,issues,issues,issues,issues,issues,issues,issues,issues,issues,left_only
61821LLYNG17WWA,ILLINOIS NI CAST (DBA) ALLOY ENGINEERING & CASTING CO,331513,issues,issues,issues,issues,issues,WIRCO INC,110001808018.0,issues,issues,issues,issues,issues,issues,issues,issues,issues,issues,issues,issues,issues,left_only
16749QKRSTINTER,INTERNATIONAL WAXES INC,324199,issues,issues,issues,issues,issues,THE INTERNATIONAL GROUP INC,110000583850.0,issues,issues,issues,issues,issues,issues,issues,issues,issues,issues,issues,issues,issues,left_only
70665VNTRC1920P,RAIN CII CARBON LLC LAKE CHARLES CALCINING PLANT (LCCP),324199,issues,issues,issues,issues,issues,RAIN CII CARBON LLC,110015679853.0,issues,issues,issues,issues,issues,issues,issues,issues,issues,issues,issues,issues,issues,left_only
62454CCRBN12187,RAIN CII CARBON LLC,324199,issues,issues,issues,issues,issues,RAIN CII CARBON LLC,110018167053.0,issues,issues,issues,issues,issues,issues,issues,issues,issues,issues,issues,issues,issues,left_only
77983RCCRBHWY18,SEADRIFT COKE LP,324199,issues,issues,issues,issues,issues,GRAFTECH INTERNATIONAL LTD,110043798913.0,issues,issues,issues,issues,issues,issues,issues,issues,issues,issues,issues,issues,issues,left_only
44646LTVST401RO,REPUBLIC STEEL -  MASSILLON PLANT,331221,issues,issues,issues,issues,issues,REPUBLIC STEEL,110000390470.0,issues,issues,issues,issues,issues,issues,issues,issues,issues,issues,issues,issues,issues,left_only
42101CCHLD407RA,VALOR LLC,324199,issues,issues,issues,issues,issues,VALOR LLC,110000380221.0,issues,issues,issues,issues,issues,issues,issues,issues,issues,issues,issues,issues,issues,left_only
53523DVNCD108HW,ADVANCED CENTRIFUGALS LTD,331513,issues,issues,issues,issues,issues,issues,110006148061.0,issues,issues,issues,issues,issues,issues,issues,issues,issues,issues,issues,issues,issues,left_only
44035SHLMT164FR,SHALMET CORP,331221,issues,issues,issues,issues,issues,CARPENTER TECHNOLOGY CORP,110000385486.0,issues,issues,issues,issues,issues,issues,issues,issues,issues,issues,issues,issues,issues,left_only
44622GRRST624BL,GREER STEEL CO,331221,issues,issues,issues,issues,issues,GREER INDUSTRIES INC,110000591761.0,issues,issues,issues,issues,issues,issues,issues,issues,issues,issues,issues,issues,issues,left_only
53186GRTLN831PR,VALMET INC. - WAUKESHA SERVICE CENTER,331513,issues,issues,issues,issues,issues,VALMET INC,110000417969.0,issues,issues,issues,issues,issues,issues,issues,issues,issues,issues,issues,issues,issues,left_only
46327QNXLS14121,NIAGARA LASALLE CORP-HAMMOND PLANT,331221,issues,issues,issues,issues,issues,NIAGARA LASALLE CORP,110000398007.0,issues,issues,issues,issues,issues,issues,issues,issues,issues,issues,issues,issues,issues,left_only
7036WLSHPL367DI,LASHIP LLC,336611,issues,issues,issues,issues,issues,issues,110043851230.0,issues,issues,issues,issues,issues,issues,issues,issues,issues,issues,issues,issues,issues,left_only
77562STHWS18310,SOUTHWEST SHIPYARD L.P.,336611,488390.0,issues,issues,issues,issues,SOUTHWEST SHIPYARD LP,110000463533.0,issues,issues,issues,issues,issues,issues,issues,issues,issues,issues,issues,issues,issues,left_only
46953BHRBR2545S,BAHR BROTHERS MANUFACTURING,331513,issues,issues,issues,issues,issues,issues,110000401565.0,issues,issues,issues,issues,issues,issues,issues,issues,issues,issues,issues,issues,issues,left_only
47130JFFBT1030E,OLD JB LLC,336611,issues,issues,issues,issues,issues,AMERICAN COMMERCIAL LINES INC,110005980750.0,issues,issues,issues,issues,issues,issues,issues,issues,issues,issues,issues,issues,issues,left_only
4841WBLDMN125ST,"BLUE DIAMOND STEEL CASTING,INC.",331513,issues,issues,issues,issues,issues,issues,110046278755.0,issues,issues,issues,issues,issues,issues,issues,issues,issues,issues,issues,issues,issues,left_only
43125GRFFN3900B,AMSTED RAIL CO INC,331513,issues,issues,issues,issues,issues,AMSTED INDUSTRIES INC,110000381943.0,issues,issues,issues,issues,issues,issues,issues,issues,issues,issues,issues,issues,issues,left_only
66002RCKWL4THAN,BRADKEN ATCHISON/ST JOSEPH,331513,issues,issues,issues,issues,issues,BRADKEN INC,110017375124.0,issues,issues,issues,issues,issues,issues,issues,issues,issues,issues,issues,issues,issues,left_only
17013THFRG600EH,FROG SWITCH & MANUFACTURING CO,331513,issues,issues,issues,issues,issues,issues,110000332596.0,issues,issues,issues,issues,issues,issues,issues,issues,issues,issues,issues,issues,issues,left_only
7780WXSPPNLUISE,AXIS PIPE & TUBE LLC,331221,issues,issues,issues,issues,issues,issues,110070070792.0,issues,issues,issues,issues,issues,issues,issues,issues,issues,issues,issues,issues,issues,left_only
47802CSNLL455WI,STEEL DYNAMICS HEARTLAND LLC,331221,issues,issues,issues,issues,issues,STEEL DYNAMICS INC,110001237867.0,issues,issues,issues,issues,issues,issues,issues,issues,issues,issues,issues,issues,issues,left_only
94565SSPSCPOBOX,USS-UPI LLC,331221,issues,issues,issues,issues,issues,US STEEL CORP,110000483450.0,issues,issues,issues,issues,issues,issues,issues,issues,issues,issues,issues,issues,issues,left_only
85283CPTLC5857S,ME GLOBAL INC.,331513,issues,issues,issues,issues,issues,ME GLOBAL INC,110000471551.0,issues,issues,issues,issues,issues,issues,issues,issues,issues,issues,issues,issues,issues,left_only
47240MTCHS1811N,STEEL TECHNOLOGIES LLC,331221,issues,issues,issues,issues,issues,NUMIT LLC,110043590619.0,issues,issues,issues,issues,issues,issues,issues,issues,issues,issues,issues,issues,issues,left_only
1506WBRBRN11BRA,BRAEBURN ALLOY STEEL ROLLING MILL FAC,331221,331110.0,issues,issues,issues,issues,CCX INC,110001045262.0,issues,issues,issues,issues,issues,issues,issues,issues,issues,issues,issues,issues,issues,left_only
70373NRTHM800IN,NORTH AMERICAN SHIPBUILDING LLC-LAROSE SHIPYARD,336611,issues,issues,issues,issues,issues,issues,110000846648.0,issues,issues,issues,issues,issues,issues,issues,issues,issues,issues,issues,issues,issues,left_only
75604STHWS600FO,SOUTHWEST STEEL CASTING CO LLC,331513,issues,issues,issues,issues,issues,GREENBRIER COS,110005058098.0,issues,issues,issues,issues,issues,issues,issues,issues,issues,issues,issues,issues,issues,left_only
17016PRLND64REX,PRL INDUSTRIES INC,331513,issues,issues,issues,issues,issues,PRL INC,110000917410.0,issues,issues,issues,issues,issues,issues,issues,issues,issues,issues,issues,issues,issues,left_only
52632KKKST240RO,KEOKUK STEEL CASTINGS,331513,issues,issues,issues,issues,issues,MILLS GROUP LLC,110000415453.0,issues,issues,issues,issues,issues,issues,issues,issues,issues,issues,issues,issues,issues,left_only
50613VKNGP711VI,VIKING PUMP INC. - SOUTH MAIN FACILITY,331513,issues,issues,issues,issues,issues,IDEX CORP,110013313985.0,issues,issues,issues,issues,issues,issues,issues,issues,issues,issues,issues,issues,issues,left_only
60411CHCGH211EM,CHICAGO HEIGHTS STEEL,331221,issues,issues,issues,issues,issues,CHICAGO HEIGHTS STEEL,110000432292.0,issues,issues,issues,issues,issues,issues,issues,issues,issues,issues,issues,issues,issues,left_only
02184WLLST205WO,WOLLASTON ALLOYS,331513,issues,issues,issues,issues,issues,CONSOLIDATED PRECISION PRODUCTS CORP,110000311289.0,issues,issues,issues,issues,issues,issues,issues,issues,issues,issues,issues,issues,issues,left_only
15061BVRVL1899B,BEAVER VALLEY ALLOY FOUNDRY CO,331513,issues,issues,issues,issues,issues,issues,110012700069.0,issues,issues,issues,issues,issues,issues,issues,issues,issues,issues,issues,issues,issues,left_only
3740WSTLWR6RIVE,STEEL WAREHOUSE OF CHATTANOOGA,331221,332811.0,423510.0,332313.0,332322.0,issues,STEEL WAREHOUSE CO LLC,110043694204.0,issues,issues,issues,issues,issues,issues,issues,issues,issues,issues,issues,issues,issues,left_only
92138NTNLSHARBO,GENERAL DYNAMICS (NASSCO),336611,issues,issues,issues,issues,issues,GENERAL DYNAMICS CORP,110014337413.0,issues,issues,issues,issues,issues,issues,issues,issues,issues,issues,issues,issues,issues,left_only
78520KPPLM2HWY4,KEPPEL AMFELS INC.,336611,issues,issues,issues,issues,issues,FELS OFFSHORE PTE LTD,110018858324.0,issues,issues,issues,issues,issues,issues,issues,issues,issues,issues,issues,issues,issues,left_only
53154NCRCL72S6T,NUCOR COLD FINISH WISCONSIN INC,331221,issues,issues,issues,issues,issues,NUCOR CORP,110022523376.0,issues,issues,issues,issues,issues,issues,issues,issues,issues,issues,issues,issues,issues,left_only
3012WSKYLN19DEN,SKYLINE STEEL LLC-CARTERSVILLE,331221,issues,issues,issues,issues,issues,NUCOR CORP,110060259367.0,issues,issues,issues,issues,issues,issues,issues,issues,issues,issues,issues,issues,issues,left_only
53188WSCNS905EA,METALTEK INTERNATIONAL-WISCO NSIN CENTRIFUGAL DIV,331513,331529.0,issues,issues,issues,issues,METALTEK INTERNATIONAL,110000418129.0,issues,issues,issues,issues,issues,issues,issues,issues,issues,issues,issues,issues,issues,left_only
50613VKNGL7THBL,VIKING PUMP INC-ALLOYS FOUNDRY,331513,issues,issues,issues,issues,issues,IDEX CORP,110000593581.0,issues,issues,issues,issues,issues,issues,issues,issues,issues,issues,issues,issues,issues,left_only
77539PNNZL4401P,DICKINSON PLANT,324199,issues,issues,issues,issues,issues,CALUMET DICKINSON REFINING LLC,110042005503.0,issues,issues,issues,issues,issues,issues,issues,issues,issues,issues,issues,issues,issues,left_only
53208BDGRL5120W,BADGER ALLOYS,331513,issues,issues,issues,issues,issues,issues,110000418478.0,issues,issues,issues,issues,issues,issues,issues,issues,issues,issues,issues,issues,issues,left_only
90748RCCQC1175C,TESORO WILMINGTON CALCINER,324199,issues,issues,issues,issues,issues,MARATHON PETROLEUM CORP,110001138956.0,issues,issues,issues,issues,issues,issues,issues,issues,issues,issues,issues,issues,issues,left_only
15618NTNLRRAILR,AKERS NATIONAL ROLL,331513,issues,issues,issues,issues,issues,AKERS INTERNATIONAL,110000583226.0,issues,issues,issues,issues,issues,issues,issues,issues,issues,issues,issues,issues,issues,left_only
39568NGLLSLITTO,INGALLS SHIPBUILDING PASCAGOULA OPERATIONS,336611,issues,issues,issues,issues,issues,HUNTINGTON INGALLS INDUSTRIES INC,110000590888.0,issues,issues,issues,issues,issues,issues,issues,issues,issues,issues,issues,issues,issues,left_only
76504CNTRF3320P,CENTRIFUGAL CASTINGS,331513,issues,issues,issues,issues,issues,issues,110006531949.0,issues,issues,issues,issues,issues,issues,issues,issues,issues,issues,issues,issues,issues,left_only
49442GLLLY5142E,EAGLE ALLOY INC.,331513,issues,issues,issues,issues,issues,issues,110009027793.0,issues,issues,issues,issues,issues,issues,issues,issues,issues,issues,issues,issues,issues,left_only
55432MNNCS200NE,MINNCAST INC,331513,issues,issues,issues,issues,issues,issues,110000426030.0,issues,issues,issues,issues,issues,issues,issues,issues,issues,issues,issues,issues,issues,left_only
46312NDNHR3210W,INDIANA HARBOR COKE CO LP,324199,issues,issues,issues,issues,issues,SUNCOKE ENERGY INC,110070149427.0,issues,issues,issues,issues,issues,issues,issues,issues,issues,issues,issues,issues,issues,left_only
74653TNKWF510SO,TONKAWA FOUNDRY INC,331513,issues,issues,issues,issues,issues,issues,110000743651.0,issues,issues,issues,issues,issues,issues,issues,issues,issues,issues,issues,issues,issues,left_only
98625BHPCT222WE,STEELSCAPE,331221,issues,issues,issues,issues,issues,NS BLUESCOPE HOLDINGS USA LLC,110000490790.0,issues,issues,issues,issues,issues,issues,issues,issues,issues,issues,issues,issues,issues,left_only
4445WNRTHJ258SU,NORTH JACKSON SPECIALTY STEEL LLC.,331221,issues,issues,issues,issues,issues,UNIVERSAL STAINLESS & ALLOY PRODUCTS INC,110046278639.0,issues,issues,issues,issues,issues,issues,issues,issues,issues,issues,issues,issues,issues,left_only
60473NVRSL16655,NIAGARA LASALLE CORP - SOUTH HOLLAND,331221,issues,issues,issues,issues,issues,SPECIALTY STEEL WORKS INC,110001811996.0,issues,issues,issues,issues,issues,issues,issues,issues,issues,issues,issues,issues,issues,left_only
16354NVRSL121CA,UNIVERSAL STAINLESS & ALLOY PRODUCTS INC,331221,issues,issues,issues,issues,issues,UNIVERSAL STAINLESS & ALLOY PRODUCTS INC,110000331445.0,issues,issues,issues,issues,issues,issues,issues,issues,issues,issues,issues,issues,issues,left_only
70052GRMRC114JE,RAIN CII CARBON LLC,324199,issues,issues,issues,issues,issues,RAIN CII CARBON LLC,110018914781.0,issues,issues,issues,issues,issues,issues,issues,issues,issues,issues,issues,issues,issues,left_only
70381CNRDS29DUH,CONRAD SHIPYARD LLC (DEEPWATER YARD),336611,issues,issues,issues,issues,issues,CONRAD INDUSTRIES INC,110025317280.0,issues,issues,issues,issues,issues,issues,issues,issues,issues,issues,issues,issues,issues,left_only
26037KPPRSKOPPE,KOPPERS FOLLANSBEE TAR PLANT,324199,325110.0,issues,issues,issues,issues,KOPPERS INC,110000586027.0,issues,issues,issues,issues,issues,issues,issues,issues,issues,issues,issues,issues,issues,left_only
73753GRTLKRTE1B,OXBOW CALCINING LLC,324199,issues,issues,issues,issues,issues,OXBOW CARBON & MINERALS HOLDINGS INC,110007385374.0,issues,issues,issues,issues,issues,issues,issues,issues,issues,issues,issues,issues,issues,left_only
70605LKCHR3943G,REYNOLDS METALS CO LLC,324199,issues,issues,issues,issues,issues,ALCOA CORP,110000449499.0,issues,issues,issues,issues,issues,issues,issues,issues,issues,issues,issues,issues,issues,left_only
02852GNRLDQUONS,GENERAL DYNAMICS ELECTRIC BOAT CORP,336611,issues,issues,issues,issues,issues,GENERAL DYNAMICS CORP,110000581264.0,issues,issues,issues,issues,issues,issues,issues,issues,issues,issues,issues,issues,issues,left_only
82902MNSNTQUEAL,P4 PRODUCTION LLC,324199,issues,issues,issues,issues,issues,BAYER US HOLDING LP,110000859296.0,issues,issues,issues,issues,issues,issues,issues,issues,issues,issues,issues,issues,issues,left_only
28732BLRDG180MI,BLUE RIDGE METALS CORP,331221,issues,issues,issues,issues,issues,issues,110018723559.0,issues,issues,issues,issues,issues,issues,issues,issues,issues,issues,issues,issues,issues,left_only
39503GLFSH12351,GULF SHIP LLC,336611,issues,issues,issues,issues,issues,issues,110027227551.0,issues,issues,issues,issues,issues,issues,issues,issues,issues,issues,issues,issues,issues,left_only
48707BYCST400WE,BAY CAST - WEBSTER STREET PLANT,331513,issues,issues,issues,issues,issues,issues,110000407872.0,issues,issues,issues,issues,issues,issues,issues,issues,issues,issues,issues,issues,issues,left_only
23523CLNNS400EI,COLONNA'S SHIPYARD INC,336611,issues,issues,issues,issues,issues,issues,110000342193.0,issues,issues,issues,issues,issues,issues,issues,issues,issues,issues,issues,issues,issues,left_only
70374BLLNGLAHWY,BOLLINGER SHIPYARDS LOCKPORT LLC,336611,issues,issues,issues,issues,issues,BOLLINGER SHIPYARDS LLC,110000606559.0,issues,issues,issues,issues,issues,issues,issues,issues,issues,issues,issues,issues,issues,left_only
39345SCCRPHIGHW,ESCO GROUP LLC,331513,issues,issues,issues,issues,issues,issues,110056962425.0,issues,issues,issues,issues,issues,issues,issues,issues,issues,issues,issues,issues,issues,left_only
46368MDWSTROUTE,US STEEL CORP MIDWEST PLANT,331221,332813.0,issues,issues,issues,issues,US STEEL CORP,110056963282.0,issues,issues,issues,issues,issues,issues,issues,issues,issues,issues,issues,issues,issues,left_only
4230WVLRLL12ALS,VALOR LLC,324199,issues,issues,issues,issues,issues,VALOR LLC,110070238790.0,issues,issues,issues,issues,issues,issues,issues,issues,issues,issues,issues,issues,issues,left_only
04530BTHRN700WA,BATH IRON WORKS,336611,issues,issues,issues,issues,issues,GENERAL DYNAMICS CORP,110000314605.0,issues,issues,issues,issues,issues,issues,issues,issues,issues,issues,issues,issues,issues,left_only
60131NLSNS9400W,NELSEN STEEL & WIRE LP,331221,issues,issues,issues,issues,issues,issues,110000431113.0,issues,issues,issues,issues,issues,issues,issues,issues,issues,issues,issues,issues,issues,left_only
70079CCRBN81PRS,RAIN CII CARBON LLC,324199,issues,issues,issues,issues,issues,RAIN CII CARBON LLC,110022810449.0,issues,issues,issues,issues,issues,issues,issues,issues,issues,issues,issues,issues,issues,left_only
29405DTYNS1670D,DETYENS SHIPYARD,336611,issues,issues,issues,issues,issues,DETYENS SHIPYARD,110001139857.0,issues,issues,issues,issues,issues,issues,issues,issues,issues,issues,issues,issues,issues,left_only
78362KWTFF244KI,KIEWIT OFFSHORE SERVICES LTD,336611,issues,issues,issues,issues,issues,PETER KIEWIT & SON'S,110022524106.0,issues,issues,issues,issues,issues,issues,issues,issues,issues,issues,issues,issues,issues,left_only
53186WKSHF1300L,WAUKESHA FOUNDRY INC,331513,issues,issues,issues,issues,issues,UNITED STARS,110000418058.0,issues,issues,issues,issues,issues,issues,issues,issues,issues,issues,issues,issues,issues,left_only
99901SCSTG1300S,U.S. COAST GUARD BASE KETCHIKAN,336611,332999.0,issues,issues,issues,issues,US DEPARTMENT OF HOMELAND SECURITY,110000885873.0,issues,issues,issues,issues,issues,issues,issues,issues,issues,issues,issues,issues,issues,left_only
33605TMPSH1130M,TAMPA SHIP LLC,336611,issues,issues,issues,issues,issues,issues,110005590235.0,issues,issues,issues,issues,issues,issues,issues,issues,issues,issues,issues,issues,issues,left_only
16512RCKCRFOOTO,ERIE COKE CORP,324199,issues,issues,issues,issues,issues,issues,110043970441.0,issues,issues,issues,issues,issues,issues,issues,issues,issues,issues,issues,issues,issues,left_only
75229GHHNS2108J,HENSLEY INDUSTRIES INC,331513,issues,issues,issues,issues,issues,KOMATSU AMERICA CORP,110000457470.0,issues,issues,issues,issues,issues,issues,issues,issues,issues,issues,issues,issues,issues,left_only
97203CLMBS10425,COLUMBIA STEEL CASTING CO INC,331513,issues,issues,issues,issues,issues,issues,110000487152.0,issues,issues,issues,issues,issues,issues,issues,issues,issues,issues,issues,issues,issues,left_only
29729VSTPL3043C,OUTOKUMPU STAINLESS BAR LLC,331221,issues,issues,issues,issues,issues,OUTOKUMPU STAINLESS INC,110015681109.0,issues,issues,issues,issues,issues,issues,issues,issues,issues,issues,issues,issues,issues,left_only
15025RSTCH400ST,KOPPERS INC CLAIRTON TAR PLANT,324199,issues,issues,issues,issues,issues,KOPPERS INC,110000328823.0,issues,issues,issues,issues,issues,issues,issues,issues,issues,issues,issues,issues,issues,left_only
39581HLTRM5110W,VT HALTER MARINE PASCAGOULA OPERATIONS,336611,issues,issues,issues,issues,issues,issues,110064135056.0,issues,issues,issues,issues,issues,issues,issues,issues,issues,issues,issues,issues,issues,left_only
14048DNKRK88HOW,DUNKIRK SPECIALTY STEEL LLC,331221,issues,issues,issues,issues,issues,UNIVERSAL STAINLESS & ALLOY PRODUCTS INC,110016752272.0,issues,issues,issues,issues,issues,issues,issues,issues,issues,issues,issues,issues,issues,left_only
43515WRTHN6303C,WORTHINGTON INDUSTRIES,331221,332812.0,issues,issues,issues,issues,WORTHINGTON INDUSTRIES INC,110000591538.0,issues,issues,issues,issues,issues,issues,issues,issues,issues,issues,issues,issues,issues,left_only
9822WDKTCR824TH,DAKOTA CREEK INDUSTRIES INC.,336611,issues,issues,issues,issues,issues,issues,110054906081.0,issues,issues,issues,issues,issues,issues,issues,issues,issues,issues,issues,issues,issues,left_only
46801SLTRS2400T,VALBRUNA SLATER STAINLESS INC,331221,issues,issues,issues,issues,issues,VALBRUNA STAINLESS INC,110000400851.0,issues,issues,issues,issues,issues,issues,issues,issues,issues,issues,issues,issues,issues,left_only
54143MRNTTELYST,MARINETTE MARINE CORP,336611,issues,issues,issues,issues,issues,FINCANTIERI MARINE GROUP LLC,110000742723.0,issues,issues,issues,issues,issues,issues,issues,issues,issues,issues,issues,issues,issues,left_only
18255WTHRLCOMME,WEATHERLY CASTING & MACHINE CO,331513,issues,issues,issues,issues,issues,issues,110010990419.0,issues,issues,issues,issues,issues,issues,issues,issues,issues,issues,issues,issues,issues,left_only
49507STLTC1251P,STEELTECH LTD.,331513,issues,issues,issues,issues,issues,issues,110000411581.0,issues,issues,issues,issues,issues,issues,issues,issues,issues,issues,issues,issues,issues,left_only
47362VSTNCSTRD3,NEW CASTLE STAINLESS PLATE LLC,331221,issues,issues,issues,issues,issues,NEW CASTLE STAINLESS PLATE LLC,110000402831.0,issues,issues,issues,issues,issues,issues,issues,issues,issues,issues,issues,issues,issues,left_only
97217CSCDG5555N,VIGOR INDUSTRIAL,336611,issues,issues,issues,issues,issues,VIGOR INDUSTRIAL LLC,110057205803.0,issues,issues,issues,issues,issues,issues,issues,issues,issues,issues,issues,issues,issues,left_only
70340MCDRMDEGRA,BOLLINGER MARINE FABRICATORS LLC,336611,issues,issues,issues,issues,issues,BOLLINGER SHIPYARDS LOCKPORT LLC,110000449159.0,issues,issues,issues,issues,issues,issues,issues,issues,issues,issues,issues,issues,issues,left_only
1541WBRWNS18PAU,HEARTLAND FABRICATION LLC,336611,issues,issues,issues,issues,issues,issues,110055169446.0,issues,issues,issues,issues,issues,issues,issues,issues,issues,issues,issues,issues,issues,left_only
65708MNTTM101IN,MONETT METALS INC,331513,issues,issues,issues,issues,issues,issues,110000444706.0,issues,issues,issues,issues,issues,issues,issues,issues,issues,issues,issues,issues,issues,left_only
78112VPRCN7124R,VP RACING FUELS INC.,324199,issues,issues,issues,issues,issues,VP RACING FUELS INC,110002465234.0,issues,issues,issues,issues,issues,issues,issues,issues,issues,issues,issues,issues,issues,left_only
17961SHLMT1486A,SHALMET CORP,331221,issues,issues,issues,issues,issues,CARPENTER TECHNOLOGY CORP,110000334610.0,issues,issues,issues,issues,issues,issues,issues,issues,issues,issues,issues,issues,issues,left_only
19030SSFRLMAILS,US STEEL FAIRLESS HILLS WORKS,331221,issues,issues,issues,issues,issues,US STEEL CORP,110038161921.0,issues,issues,issues,issues,issues,issues,issues,issues,issues,issues,issues,issues,issues,left_only
6252WVNRTR69EKE,VOESTALPINE RAILWAY SYSTEMS NORTRAK LLC,331513,issues,issues,issues,issues,issues,issues,110039018470.0,issues,issues,issues,issues,issues,issues,issues,issues,issues,issues,issues,issues,issues,left_only
53094SPNCSPOBOX,SPUNCAST,331513,issues,issues,issues,issues,issues,issues,110000417077.0,issues,issues,issues,issues,issues,issues,issues,issues,issues,issues,issues,issues,issues,left_only
15059WSTHMONE12,WHEMCO-STEEL CASTINGS INC,331513,issues,issues,issues,issues,issues,WHEMCO INC,110007336579.0,issues,issues,issues,issues,issues,issues,issues,issues,issues,issues,issues,issues,issues,left_only
76513MRCNS2505T,AMERICAN SPINCAST INC,331513,issues,issues,issues,issues,issues,AMERICAN SPINCAST INC,110013763739.0,issues,issues,issues,issues,issues,issues,issues,issues,issues,issues,issues,issues,issues,left_only
43085THWRT1127D,WORTHINGTON STEEL CO,331221,issues,issues,issues,issues,issues,WORTHINGTON INDUSTRIES INC,110000381818.0,issues,issues,issues,issues,issues,issues,issues,issues,issues,issues,issues,issues,issues,left_only
62040MRCNS1700W,AMSTED RAIL CO INC,331513,issues,issues,issues,issues,issues,AMSTED INDUSTRIES INC,110000438731.0,issues,issues,issues,issues,issues,issues,issues,issues,issues,issues,issues,issues,issues,left_only
44601MRCNS1001E,ALLIANCE CASTINGS CO LLC,331513,issues,issues,issues,issues,issues,OHIO CASTINGS CO LLC,110000390238.0,issues,issues,issues,issues,issues,issues,issues,issues,issues,issues,issues,issues,issues,left_only
47918HRRSN900MO,HARRISON STEEL CASTINGS CO,331513,issues,issues,issues,issues,issues,HARRISON STEEL CASTINGS CO,110010302975.0,issues,issues,issues,issues,issues,issues,issues,issues,issues,issues,issues,issues,issues,left_only
52722SVYRS225S3,SIVYER STEEL CASTING LLC,331513,issues,issues,issues,issues,issues,SIVYER STEEL HOLDINGS LLC,110000415603.0,issues,issues,issues,issues,issues,issues,issues,issues,issues,issues,issues,issues,issues,left_only
17921GLDSPEASTC,ASHLAND FOUNDRY & MACHINE WORKS,331513,issues,issues,issues,issues,issues,issues,110000334576.0,issues,issues,issues,issues,issues,issues,issues,issues,issues,issues,issues,issues,issues,left_only
04011BTHRNROUTE,BATH IRON WORKS-STRUCTURAL FABRICATION FACILITY (FORMERLY HA,336611,issues,issues,issues,issues,issues,GENERAL DYNAMICS CORP,110039678346.0,issues,issues,issues,issues,issues,issues,issues,issues,issues,issues,issues,issues,issues,left_only
02742TLDYN1357E,ATI ALLEGHENY LUDLUM INC,331221,issues,issues,issues,issues,issues,ALLEGHENY TECHNOLOGIES INC,110000311804.0,issues,issues,issues,issues,issues,issues,issues,issues,issues,issues,issues,issues,issues,left_only
63830TRNTYHWY84,ARCOSA MARINE PRODUCTS INC. PLT  75,336611,issues,issues,issues,issues,issues,ARCOSA INC,110012469514.0,issues,issues,issues,issues,issues,issues,issues,issues,issues,issues,issues,issues,issues,left_only
37130MTCHS210MI,STEEL TECHNOLOGIES LLC,331221,issues,issues,issues,issues,issues,NUMIT LLC,110015783384.0,issues,issues,issues,issues,issues,issues,issues,issues,issues,issues,issues,issues,issues,left_only
6806WMHSTL921EA,OMAHA STEEL CASTINGS CO LLC,331513,issues,issues,issues,issues,issues,issues,110045442927.0,issues,issues,issues,issues,issues,issues,issues,issues,issues,issues,issues,issues,issues,left_only
23501NRFLKFOOTO,BAE SYSTEMS NORFOLK SHIP REPAIR,336611,issues,issues,issues,issues,issues,BAE SYSTEMS INC,110000342175.0,issues,issues,issues,issues,issues,issues,issues,issues,issues,issues,issues,issues,issues,left_only
15066DMSCSPOBOX,DAMASCUSS STEEL LLC,331513,issues,issues,issues,issues,issues,issues,110012342688.0,issues,issues,issues,issues,issues,issues,issues,issues,issues,issues,issues,issues,issues,left_only
4920WWRTHN495SM,WORTHINGTON SPECIALTY PROCESSING,331221,issues,issues,issues,issues,issues,WORTHINGTON INDUSTRIES INC,110006041050.0,issues,issues,issues,issues,issues,issues,issues,issues,issues,issues,issues,issues,issues,left_only
4818WWRTHN526SH,WORTHINGTON SPECIALTY PROCESSING - CANTON,331221,issues,issues,issues,issues,issues,WORTHINGTON INDUSTRIES INC,110003615696.0,issues,issues,issues,issues,issues,issues,issues,issues,issues,issues,issues,issues,issues,left_only
77029QLTYL252MC,QUALITY ELECTRIC STEEL CASTINGS LP,331513,issues,issues,issues,issues,issues,issues,110012565214.0,issues,issues,issues,issues,issues,issues,issues,issues,issues,issues,issues,issues,issues,left_only
1911WKRPHL21KIT,PHILLY SHIPYARD INC,336611,issues,issues,issues,issues,issues,issues,110040928253.0,issues,issues,issues,issues,issues,issues,issues,issues,issues,issues,issues,issues,issues,left_only
33605GLFMR1200S,GULF MARINE REPAIR CORP,336611,issues,issues,issues,issues,issues,issues,110045611619.0,issues,issues,issues,issues,issues,issues,issues,issues,issues,issues,issues,issues,issues,left_only
4755WCRNSLP125X,CORN ISLAND SHIPYARD INC,336611,issues,issues,issues,issues,issues,LITTLE SANDY COAL CO INC,110040494621.0,issues,issues,issues,issues,issues,issues,issues,issues,issues,issues,issues,issues,issues,left_only
94572TSCSF2101F,PHILLIPS 66 CARBON PLANT,324199,issues,issues,issues,issues,issues,PHILLIPS 66 CO,110000483478.0,issues,issues,issues,issues,issues,issues,issues,issues,issues,issues,issues,issues,issues,left_only
37015TRNTY1050N,ARCOSA MARINE PRODUCTS INC PLT  296,336611,issues,issues,issues,issues,issues,ARCOSA INC.,110000369869.0,issues,issues,issues,issues,issues,issues,issues,issues,issues,issues,issues,issues,issues,left_only
47805VPRCN41EST,VP RACING FUELS INC.,324199,issues,issues,issues,issues,issues,VP RACING FUELS INC,110022523241.0,issues,issues,issues,issues,issues,issues,issues,issues,issues,issues,issues,issues,issues,left_only
21162MRCNS10300,OLDCASTLE APG MID-ATLANTIC WHITE MARSH MD,324199,324122.0,issues,issues,issues,issues,CRH AMERICAS INC,110001276976.0,issues,issues,issues,issues,issues,issues,issues,issues,issues,issues,issues,issues,issues,left_only
15907GTRXX119WA,GAUTIER STEEL LTD.,331221,issues,issues,issues,issues,issues,THE RESERVE GROUP,110001144066.0,issues,issues,issues,issues,issues,issues,issues,issues,issues,issues,issues,issues,issues,left_only
46552NTKXX30755,I/N KOTE,331221,issues,issues,issues,issues,issues,ARCELORMITTAL USA INC,110000399462.0,issues,issues,issues,issues,issues,issues,issues,issues,issues,issues,issues,issues,issues,left_only
06340GNRLD75EAS,ELECTRIC BOAT CORP,336611,issues,issues,issues,issues,issues,GENERAL DYNAMICS CORP,110011370729.0,issues,issues,issues,issues,issues,issues,issues,issues,issues,issues,issues,issues,issues,left_only
29550TLLYMSCHWY,TALLEY METALS TECHNOLOGY,331221,issues,issues,issues,issues,issues,CARPENTER TECHNOLOGY CORP,110038172189.0,issues,issues,issues,issues,issues,issues,issues,issues,issues,issues,issues,issues,issues,left_only
41045STLTCRT1BO,STEEL TECHNOLOGIES LLC,331221,issues,issues,issues,issues,issues,NUMIT LLC,110008357544.0,issues,issues,issues,issues,issues,issues,issues,issues,issues,issues,issues,issues,issues,left_only
66111GRFFN7111G,AMSTED RAIL CO GRIFFIN WHEEL KANSAS CITY FACILITY,331513,issues,issues,issues,issues,issues,AMSTED INDUSTRIES INC,110000445518.0,issues,issues,issues,issues,issues,issues,issues,issues,issues,issues,issues,issues,issues,left_only
53209STNLS5150N,STAINLESS FOUNDRY & ENGINEERING INC,331513,331512.0,issues,issues,issues,issues,issues,110000418619.0,issues,issues,issues,issues,issues,issues,issues,issues,issues,issues,issues,issues,issues,left_only
33605NTRNT1616P,INTERNATIONAL SHIP REPAIR & MARINE SERVICES INC.,336611,issues,issues,issues,issues,issues,issues,110010116070.0,issues,issues,issues,issues,issues,issues,issues,issues,issues,issues,issues,issues,issues,left_only
98409TLSFN3021S,BRADKEN ENERGY,331513,issues,issues,issues,issues,issues,BRADKEN INC,110000495884.0,issues,issues,issues,issues,issues,issues,issues,issues,issues,issues,issues,issues,issues,left_only
02714RGSTW266SA,ZAPP PRECISION STRIP INC.,331221,issues,issues,issues,issues,issues,issues,110002028733.0,issues,issues,issues,issues,issues,issues,issues,issues,issues,issues,issues,issues,issues,left_only
98108NRTHS820SB,NORTH STAR CASTEEL PRODUCTS INC,331513,issues,issues,issues,issues,issues,issues,110002150243.0,issues,issues,issues,issues,issues,issues,issues,issues,issues,issues,issues,issues,issues,left_only
53215MYNRD2856S,MAYNARD STEEL CASTING CO,331513,issues,issues,issues,issues,issues,issues,110000418833.0,issues,issues,issues,issues,issues,issues,issues,issues,issues,issues,issues,issues,issues,left_only
16050WTCCRHWY26,SONNEBORN LLC,324199,issues,issues,issues,issues,issues,HF SINCLAIR CORP,110059338220.0,issues,issues,issues,issues,issues,issues,issues,issues,issues,issues,issues,issues,issues,left_only
70807GRTLK2200B,OXBOW CALCINING LLC,324199,issues,issues,issues,issues,issues,OXBOW CARBON & MINERALS HOLDINGS INC.,110003360372.0,issues,issues,issues,issues,issues,issues,issues,issues,issues,issues,issues,issues,issues,left_only
60439NCLCH317WE,OXBOW MIDWEST CALCINING LLC,324199,issues,issues,issues,issues,issues,OXBOW CARBON & MINERALS HOLDINGS INC,110000432862.0,issues,issues,issues,issues,issues,issues,issues,issues,issues,issues,issues,issues,issues,left_only
06492LBRCH1DUDL,ULBRICH SPECIALTY STRIP MILL,331221,issues,issues,issues,issues,issues,ULBRICH STAINLESS STEELS & SPECIAL METALS INC,110000739755.0,issues,issues,issues,issues,issues,issues,issues,issues,issues,issues,issues,issues,issues,left_only
63110CRNDL2101S,CARONDELET FOUNDRY CORP,331513,issues,issues,issues,issues,issues,METALTEK INTERNATIONAL,110000500510.0,issues,issues,issues,issues,issues,issues,issues,issues,issues,issues,issues,issues,issues,left_only
70058BLLNG615DE,BOLLINGER QUICK REPAIR LLC,336611,issues,issues,issues,issues,issues,BOLLINGER SHIPYARDS LLC,110001309931.0,issues,issues,issues,issues,issues,issues,issues,issues,issues,issues,issues,issues,issues,left_only
18201WRHZL225NC,HAZLETON CASTING CO,331513,issues,issues,issues,issues,issues,issues,110000335245.0,issues,issues,issues,issues,issues,issues,issues,issues,issues,issues,issues,issues,issues,left_only
77437BLCRK729FM,BLUE CREEK FOUNDRY,331513,issues,issues,issues,issues,issues,issues,110020056339.0,issues,issues,issues,issues,issues,issues,issues,issues,issues,issues,issues,issues,issues,left_only
35160TLLDG208NC,TALLADEGA CASTINGS & MACHINE CO INC,331513,issues,issues,issues,issues,issues,issues,110009352823.0,issues,issues,issues,issues,issues,issues,issues,issues,issues,issues,issues,issues,issues,left_only
44667CNTRS510CO,BEKAERT CORP,331221,issues,issues,issues,issues,issues,BEKAERT CORP,110000390675.0,issues,issues,issues,issues,issues,issues,issues,issues,issues,issues,issues,issues,issues,left_only
86402NRTHS3000H,NUCOR STEEL KINGMAN LLC,331221,issues,issues,issues,issues,issues,NUCOR CORP,110000607264.0,issues,issues,issues,issues,issues,issues,issues,issues,issues,issues,issues,issues,issues,left_only
16041PNNZLRD2BO,CALUMET KARNS CITY REFINING LLC,324199,issues,issues,issues,issues,issues,CALUMET SPECIALTY PRODUCTS PARTNERS LP,110012413628.0,issues,issues,issues,issues,issues,issues,issues,issues,issues,issues,issues,issues,issues,left_only
70043CHLMT7CKEP,RAIN CII CARBON LLC,324199,issues,issues,issues,issues,issues,RAIN CII CARBON LLC,110012818497.0,issues,issues,issues,issues,issues,issues,issues,issues,issues,issues,issues,issues,issues,left_only
4466WMRCNB555CL,NUCOR BRIGHT BAR ORRVILLE LLC,331221,issues,issues,issues,issues,issues,NUCOR CORP,110015646906.0,issues,issues,issues,issues,issues,issues,issues,issues,issues,issues,issues,issues,issues,left_only
02852SNSCM1MACN,SENESCO MAIN YARD,336611,issues,issues,issues,issues,issues,issues,110021278918.0,issues,issues,issues,issues,issues,issues,issues,issues,issues,issues,issues,issues,issues,left_only
29450STLTC122SS,STEEL TECHNOLOGIES LLC,331221,issues,issues,issues,issues,issues,NUMIT LLC,110008557123.0,issues,issues,issues,issues,issues,issues,issues,issues,issues,issues,issues,issues,issues,left_only
40019STLTC198SH,STEEL TECHNOLOGIES LLC,331221,issues,issues,issues,issues,issues,NUMIT LLC,110015782704.0,issues,issues,issues,issues,issues,issues,issues,issues,issues,issues,issues,issues,issues,left_only
35150STHRNHWYWA,SOUTHERN ALLOY CORP,331513,issues,issues,issues,issues,issues,issues,110064122159.0,issues,issues,issues,issues,issues,issues,issues,issues,issues,issues,issues,issues,issues,left_only
04011BTHRNMALLE,BATH IRON WORKS OUTFIT FABRICATION FACILITY (FORMERLY EBMF),336611,issues,issues,issues,issues,issues,GENERAL DYNAMICS CORP,110000581362.0,issues,issues,issues,issues,issues,issues,issues,issues,issues,issues,issues,issues,issues,left_only
48047NTRNT37087,INTERNATIONAL CASTING CORP,331513,issues,issues,issues,issues,issues,issues,110000404660.0,issues,issues,issues,issues,issues,issues,issues,issues,issues,issues,issues,issues,issues,left_only
74008MRCNF14602,AMERICAN FOUNDRY GROUP LLC - BIXBY,331513,issues,issues,issues,issues,issues,AMERICAN FOUNDRY GROUP LLC,110000454375.0,issues,issues,issues,issues,issues,issues,issues,issues,issues,issues,issues,issues,issues,left_only
60123LGLYN1565F,ELGILOY SPECIALTY METALS,331221,issues,issues,issues,issues,issues,COMBINED METALS OF CHICAGO LLC,110000430926.0,issues,issues,issues,issues,issues,issues,issues,issues,issues,issues,issues,issues,issues,left_only
49452KRDZL2625W,BARBER STEEL FOUNDRY CORPORATION,331513,issues,issues,issues,issues,issues,WABTEC CORP,110000411064.0,issues,issues,issues,issues,issues,issues,issues,issues,issues,issues,issues,issues,issues,left_only
44408CLMBN501LI,COLUMBIANA FOUNDRY CO,331513,issues,issues,issues,issues,issues,issues,110000389570.0,issues,issues,issues,issues,issues,issues,issues,issues,issues,issues,issues,issues,issues,left_only
45215SWBRKSHEPH,SAWBROOK STEEL CASTING LLC,331513,issues,issues,issues,issues,issues,SPEYSIDE EQUITY FUND 1 LP,110000393271.0,issues,issues,issues,issues,issues,issues,issues,issues,issues,issues,issues,issues,issues,left_only
49015DVNTG6CLAR,ADVANTAGE SINTERED METALS INC,331221,issues,issues,issues,issues,issues,ADVANTAGE SINTERED METALS INC,110033196789.0,issues,issues,issues,issues,issues,issues,issues,issues,issues,issues,issues,issues,issues,left_only
15034SSRVNPOBOX,USS MON VALLEY WORKS - IRVIN PLANT,331221,issues,issues,issues,issues,issues,US STEEL CORP,110008470724.0,issues,issues,issues,issues,issues,issues,issues,issues,issues,issues,issues,issues,issues,left_only
06010THSPR300BR,THEIS PRECISION STEEL USA INC,331221,issues,issues,issues,issues,issues,issues,110000763157.0,issues,issues,issues,issues,issues,issues,issues,issues,issues,issues,issues,issues,issues,left_only
54235BYSHP605N3,FINCANTIERI MARINE GROUP DBA FINCANTIERI BAY SHIPBUILDING,336611,issues,issues,issues,issues,issues,FINCANTIERI MARINE GROUP LLC,110058125513.0,issues,issues,issues,issues,issues,issues,issues,issues,issues,issues,issues,issues,issues,left_only
38478MRCNM2360I,MAGOTTEAUX INC,331513,issues,issues,issues,issues,issues,issues,110000375246.0,issues,issues,issues,issues,issues,issues,issues,issues,issues,issues,issues,issues,issues,left_only
44707SCSTN722MU,U.S. CASTING CO,331513,issues,issues,issues,issues,issues,issues,110001629024.0,issues,issues,issues,issues,issues,issues,issues,issues,issues,issues,issues,issues,issues,left_only
77262NWPRK8502C,SWS HOLDINGS-BRADY ISLAND LP,336611,issues,issues,issues,issues,issues,SOUTHWEST SHIPYARD LP,110000462240.0,issues,issues,issues,issues,issues,issues,issues,issues,issues,issues,issues,issues,issues,left_only
14304PYRNC5950P,NORTH AMERICAN HOGANAS-NIAGARA FALLS PLANT,331221,issues,issues,issues,issues,issues,NORTH AMERICAN HOGANAS INC,110000881305.0,issues,issues,issues,issues,issues,issues,issues,issues,issues,issues,issues,issues,issues,left_only
77541TXSBR4115E,TEXAS BARGE & BOAT INC,336611,488320.0,issues,issues,issues,issues,issues,110020774740.0,issues,issues,issues,issues,issues,issues,issues,issues,issues,issues,issues,issues,issues,left_only
9840WBRDKN3611S,BRADKEN INC,331513,issues,issues,issues,issues,issues,BRADKEN INC,110054929459.0,issues,issues,issues,issues,issues,issues,issues,issues,issues,issues,issues,issues,issues,left_only
01069RTHBN241PA,RATHBONE PRECISION METALS INC,331221,issues,issues,issues,issues,issues,issues,110000495937.0,issues,issues,issues,issues,issues,issues,issues,issues,issues,issues,issues,issues,issues,left_only
39110MTCHS576CH,STEEL TECHNOLOGIES LLC,331221,issues,issues,issues,issues,issues,NUMIT LLC,110025332548.0,issues,issues,issues,issues,issues,issues,issues,issues,issues,issues,issues,issues,issues,left_only
90801CRTFD3245C,CERTIFIED ALLOY PRODUCTS INC,331513,issues,issues,issues,issues,issues,issues,110000476271.0,issues,issues,issues,issues,issues,issues,issues,issues,issues,issues,issues,issues,issues,left_only
90280STRTG8616T,GRISWOLD INDUSTRIES DBA SOUNDCAST,331513,issues,issues,issues,issues,issues,issues,110020516645.0,issues,issues,issues,issues,issues,issues,issues,issues,issues,issues,issues,issues,issues,left_only
45204CNSLD1028D,CONSOLIDATED METAL PRODUCTS,331221,issues,issues,issues,issues,issues,issues,110004593609.0,issues,issues,issues,issues,issues,issues,issues,issues,issues,issues,issues,issues,issues,left_only
74403MRCNL612SO,AMERICAN FOUNDRY GROUP LLC ALLOY 2 FACILITY,331513,issues,issues,issues,issues,issues,AMERICAN FOUNDRY GROUP LLC,110001649725.0,issues,issues,issues,issues,issues,issues,issues,issues,issues,issues,issues,issues,issues,left_only
7035WBLLNG236AD,BOLLINGER FOURCHON NORTH,336611,issues,issues,issues,issues,issues,BOLLINGER SHIPYARDS LLC,110066955343.0,issues,issues,issues,issues,issues,issues,issues,issues,issues,issues,issues,issues,issues,left_only
6313WSTLSC16PER,ST. LOUIS COLD DRAWN,331221,issues,issues,issues,issues,issues,NUCOR CORP,110015904663.0,issues,issues,issues,issues,issues,issues,issues,issues,issues,issues,issues,issues,issues,left_only
49022SNDVK2235D,CHAMPLAIN SPECIALTY METALS INC.,331221,issues,issues,issues,issues,issues,issues,110000409022.0,issues,issues,issues,issues,issues,issues,issues,issues,issues,issues,issues,issues,issues,left_only
55808MNTRN200EA,ME GLOBAL INC,331513,issues,issues,issues,issues,issues,ME GLOBAL INC,110000426389.0,issues,issues,issues,issues,issues,issues,issues,issues,issues,issues,issues,issues,issues,left_only
9721WCLBRC11535,ECOLUBE RECOVERY LLC,324199,issues,issues,issues,issues,issues,issues,110071325264.0,issues,issues,issues,issues,issues,issues,issues,issues,issues,issues,issues,issues,issues,left_only
52632GRFFNCARBI,AMSTED RAIL CO INC,331513,issues,issues,issues,issues,issues,AMSTED INDUSTRIES,110000415444.0,issues,issues,issues,issues,issues,issues,issues,issues,issues,issues,issues,issues,issues,left_only
4793WSTLTC356SU,STEEL TECHNOLOGIES LLC,331221,issues,issues,issues,issues,issues,NUMIT LLC,110043544028.0,issues,issues,issues,issues,issues,issues,issues,issues,issues,issues,issues,issues,issues,left_only
48755HRNCSPOBOX,HURON CASTING INC,331513,issues,issues,issues,issues,issues,issues,110000407961.0,issues,issues,issues,issues,issues,issues,issues,issues,issues,issues,issues,issues,issues,left_only
46312SSSTC101E1,USS EAST CHICAGO TIN,331221,issues,issues,issues,issues,issues,US STEEL CORP,110003098861.0,issues,issues,issues,issues,issues,issues,issues,issues,issues,issues,issues,issues,issues,left_only
35404MRCHMONEWA,MERICHEM CO,324199,325180.0,issues,issues,issues,issues,MERICHEM CO,110000367175.0,issues,issues,issues,issues,issues,issues,issues,issues,issues,issues,issues,issues,issues,left_only
98124TDDPC18011,VIGOR SHIPYARDS INC-SEATTLE,336611,issues,issues,issues,issues,issues,VIGOR INDUSTRIAL LLC,110000489640.0,issues,issues,issues,issues,issues,issues,issues,issues,issues,issues,issues,issues,issues,left_only
35950WBBWH1279B,ALLOY RESOURCES,331513,issues,issues,issues,issues,issues,issues,110042900590.0,issues,issues,issues,issues,issues,issues,issues,issues,issues,issues,issues,issues,issues,left_only
98134YNGCR34441,YOUNG CORPORPORATION MELTEC DIV,331513,issues,issues,issues,issues,issues,YOUNG CORP,110002150369.0,issues,issues,issues,issues,issues,issues,issues,issues,issues,issues,issues,issues,issues,left_only
53072NRTHR845HI,NORTHERN STAINLESS CORP,331513,issues,issues,issues,issues,issues,issues,110000416666.0,issues,issues,issues,issues,issues,issues,issues,issues,issues,issues,issues,issues,issues,left_only
02703NGNRD39PER,ENGINEERED MATERIALS SOLUTIONS  LLC,331221,issues,issues,issues,issues,issues,ENGINEERED MATERIALS HOLDING INC,110003502193.0,issues,issues,issues,issues,issues,issues,issues,issues,issues,issues,issues,issues,issues,left_only
6344WKPFST89EAS,KPF STEEL FOUNDRY,331513,issues,issues,issues,issues,issues,issues,110040756278.0,issues,issues,issues,issues,issues,issues,issues,issues,issues,issues,issues,issues,issues,left_only
46368STLTC5830S,STEEL TECHNOLOGIES LLC,331221,issues,issues,issues,issues,issues,NUMIT LLC,110003090011.0,issues,issues,issues,issues,issues,issues,issues,issues,issues,issues,issues,issues,issues,left_only
49441CNNNM2875L,CANNON-MUSKEGON,331513,issues,issues,issues,issues,issues,BERKSHIRE HATHAWAY INC,110000410751.0,issues,issues,issues,issues,issues,issues,issues,issues,issues,issues,issues,issues,issues,left_only
45875CLDMT740WI,STEEL TECHNOLOGIES LLC,331221,issues,issues,issues,issues,issues,NUMIT LLC,110000395867.0,issues,issues,issues,issues,issues,issues,issues,issues,issues,issues,issues,issues,issues,left_only
16121DFRCF15ROE,NLMK PENNSYLVANIA LLC,331221,issues,issues,issues,issues,issues,TOP GUN INVESTMENT CORP II,110000763923.0,issues,issues,issues,issues,issues,issues,issues,issues,issues,issues,issues,issues,issues,left_only
97210SCCRP2141N,ESCO CORP,331513,issues,issues,issues,issues,issues,issues,110000487394.0,issues,issues,issues,issues,issues,issues,issues,issues,issues,issues,issues,issues,issues,left_only
78402JHNBL311EN,JOHN BLUDWORTH SHIPYARD LLC,336611,issues,issues,issues,issues,issues,issues,110025331488.0,issues,issues,issues,issues,issues,issues,issues,issues,issues,issues,issues,issues,issues,left_only
84104STRBR976PI,STAR FOUNDRY & MACHINE,331513,issues,issues,issues,issues,issues,issues,110000469369.0,issues,issues,issues,issues,issues,issues,issues,issues,issues,issues,issues,issues,issues,left_only
16323FRNKL600AT,FRANKLIN INVESTMENT CORP.,331221,issues,issues,issues,issues,issues,issues,110000331347.0,issues,issues,issues,issues,issues,issues,issues,issues,issues,issues,issues,issues,issues,left_only
53151WNTHD16300,WENTHE-DAVIDSON ENGINEERING CO .,331221,issues,issues,issues,issues,issues,issues,110001929496.0,issues,issues,issues,issues,issues,issues,issues,issues,issues,issues,issues,issues,issues,left_only
39303STHRNWILER,SOUTHERN CAST PRODUCTS INC,331513,issues,issues,issues,issues,issues,issues,110000376968.0,issues,issues,issues,issues,issues,issues,issues,issues,issues,issues,issues,issues,issues,left_only
32404NRTHW133AL,NORTHWEST FLORIDA HOLDINGS INC,336611,issues,issues,issues,issues,issues,NORTHWEST FLORIDA HOLDINGS INC,110037929463.0,issues,issues,issues,issues,issues,issues,issues,issues,issues,issues,issues,issues,issues,left_only
15201MCCNW10948,MCCONWAY & TORLEY LLC PLT 1801,331513,issues,issues,issues,issues,issues,ARCOSA INC,110000329458.0,issues,issues,issues,issues,issues,issues,issues,issues,issues,issues,issues,issues,issues,left_only
44102LCNND7990B,ALCON INDUSTRIES INC,331513,issues,issues,issues,issues,issues,issues,110000386387.0,issues,issues,issues,issues,issues,issues,issues,issues,issues,issues,issues,issues,issues,left_only
13440RMSTR530HE,WORTHINGTON STEEL ROME LLC,331221,issues,issues,issues,issues,issues,WORTHINGTON INDUSTRIES INC,110000325853.0,issues,issues,issues,issues,issues,issues,issues,issues,issues,issues,issues,issues,issues,left_only
3660WSGNLS61SRY,WORLD MARINE OF ALABAMA LLC,336611,issues,issues,issues,issues,issues,WORLD MARINE LLC,110040826023.0,issues,issues,issues,issues,issues,issues,issues,issues,issues,issues,issues,issues,issues,left_only
54143WNSRT2645I,WINSERT INC,331513,issues,issues,issues,issues,issues,issues,110000421099.0,issues,issues,issues,issues,issues,issues,issues,issues,issues,issues,issues,issues,issues,left_only
4568WMCGNN74CUN,MCGINNIS INC.,336611,issues,issues,issues,issues,issues,issues,110039084497.0,issues,issues,issues,issues,issues,issues,issues,issues,issues,issues,issues,issues,issues,left_only
77012SWSHL8114H,SWS HOLDINGS-PASADENA LP,336611,issues,issues,issues,issues,issues,SOUTHWEST SHIPYARD LP,110025333930.0,issues,issues,issues,issues,issues,issues,issues,issues,issues,issues,issues,issues,issues,left_only
64468LMPST2000E,NUCOR LMP,331221,issues,issues,issues,issues,issues,NUCOR CORP,110010819775.0,issues,issues,issues,issues,issues,issues,issues,issues,issues,issues,issues,issues,issues,left_only
19714VPRCN16BRO,VP RACING FUELS,324199,issues,issues,issues,issues,issues,VP RACING FUELS INC,110012707801.0,issues,issues,issues,issues,issues,issues,issues,issues,issues,issues,issues,issues,issues,left_only
01069PRFLS7FIRS,PROFILES INC,331221,issues,issues,issues,issues,issues,issues,110001956811.0,issues,issues,issues,issues,issues,issues,issues,issues,issues,issues,issues,issues,issues,left_only
36602TLNTCDUNLA,ALABAMA SHIPYARD LLC,336611,issues,issues,issues,issues,issues,issues,110006517448.0,issues,issues,issues,issues,issues,issues,issues,issues,issues,issues,issues,issues,issues,left_only
35603MTCHS331MA,STEEL TECHNOLOGIES LLC,331221,issues,issues,issues,issues,issues,NUMIT LLC,110001713780.0,issues,issues,issues,issues,issues,issues,issues,issues,issues,issues,issues,issues,issues,left_only
98134NRTHW34111,NORTHWEST CASTINGS,331513,issues,issues,issues,issues,issues,issues,110000489702.0,issues,issues,issues,issues,issues,issues,issues,issues,issues,issues,issues,issues,issues,left_only
98595WSTPR1807N,WESTPORT LLC WESTPORT,336611,issues,issues,issues,issues,issues,WESTPORT LLC,110000490736.0,issues,issues,issues,issues,issues,issues,issues,issues,issues,issues,issues,issues,issues,left_only
70357BLLNG16NRM,BOLLINGER FOURCHON LLC,336611,issues,issues,issues,issues,issues,BOLLINGER SHIPYARDS LLC,110008393452.0,issues,issues,issues,issues,issues,issues,issues,issues,issues,issues,issues,issues,issues,left_only
77630RNGSH71MAR,CONRAD ORANGE SHIPYARD INC,336611,issues,issues,issues,issues,issues,CONRAD INDUSTRIES INC,110015976265.0,issues,issues,issues,issues,issues,issues,issues,issues,issues,issues,issues,issues,issues,left_only
9206WVLLYM13125,VALLEY METALS LLC,331221,331491.0,issues,issues,issues,issues,VALLEY METALS LLC,110018977142.0,issues,issues,issues,issues,issues,issues,issues,issues,issues,issues,issues,issues,issues,left_only
48188STLTC5501B,STEEL TECHNOLOGIES LLC,331221,issues,issues,issues,issues,issues,NUMIT LLC,110006743453.0,issues,issues,issues,issues,issues,issues,issues,issues,issues,issues,issues,issues,issues,left_only
17046RGLCS307N9,REGAL CAST INC.,331513,issues,issues,issues,issues,issues,PRL INC,110001087270.0,issues,issues,issues,issues,issues,issues,issues,issues,issues,issues,issues,issues,issues,left_only
44094STLTC2220J,STEEL TECHNOLOGIES LLC,331221,issues,issues,issues,issues,issues,NUMIT LLC,110046569913.0,issues,issues,issues,issues,issues,issues,issues,issues,issues,issues,issues,issues,issues,left_only
70094NWRLN8400R,NEW ORLEANS SHIPYARD,336611,issues,issues,issues,issues,issues,ARCHER DANIELS MIDLAND CO,110000448962.0,issues,issues,issues,issues,issues,issues,issues,issues,issues,issues,issues,issues,issues,left_only
9836WWSTPR637MA,WESTPORT LLC 50 METER FACILITY,336611,issues,issues,issues,issues,issues,WESTPORT LLC,110015930215.0,issues,issues,issues,issues,issues,issues,issues,issues,issues,issues,issues,issues,issues,left_only
53142RNSNF33036,KENOSHA STEEL CASTINGS,331513,issues,issues,issues,issues,issues,issues,110001922082.0,issues,issues,issues,issues,issues,issues,issues,issues,issues,issues,issues,issues,issues,left_only
32226TLNTC8500H,BAE SYSTEMS JACKSONVILLE SHIP REPAIR LLC,336611,issues,issues,issues,issues,issues,BAE SYSTEMS INC,110057268031.0,issues,issues,issues,issues,issues,issues,issues,issues,issues,issues,issues,issues,issues,left_only
9800WSGYPS41CST,US GYPSUM CO AUBURN PLANT,331221,327420.0,issues,issues,issues,issues,USG CORP,110005307042.0,issues,issues,issues,issues,issues,issues,issues,issues,issues,issues,issues,issues,issues,left_only
30120BLSSL8DENT,NUCOR BRIGHT BAR CARTERSVILLE LLC,331221,issues,issues,issues,issues,issues,NUCOR CORP,110000356338.0,issues,issues,issues,issues,issues,issues,issues,issues,issues,issues,issues,issues,issues,left_only
issues,issues,issues,issues,issues,issues,issues,issues,issues,issues,110040971491.0,CMC STEEL NEW JERSEY,N CROSSMAN RD,SAYREVILLE,NJ,8872,40.479262,-74.321207,MIDDLESEX,331110,nan,08872NWJRSNORTH,TRI,right_only
issues,issues,issues,issues,issues,issues,issues,issues,issues,issues,110000325050.0,NUCOR STEEL AUBURN INC,25 QUARRY RD,AUBURN,NY,13021,42.9509,-76.57055,CAYUGA,331110,nan,13021BRNSTQUARR,TRI,right_only
issues,issues,issues,issues,issues,issues,issues,issues,issues,issues,110000328734.0,ATI FLAT ROLLED PRODUCTS HOLDINGS LLC,100 RIVER RD,BRACKENRIDGE,PA,15014,40.6081,-79.7291,ALLEGHENY,331110,nan,15014LLGHNRIVER,TRI,right_only
issues,issues,issues,issues,issues,issues,issues,issues,issues,issues,110000582977.0,UNION ELECTRIC STEEL CORP,RT 18,BURGETTSTOWN,PA,15021,40.4077,-80.4053,WASHINGTON,333519,nan,15021NNLCTPOBOX,TRI,right_only
issues,issues,issues,issues,issues,issues,issues,issues,issues,issues,110022522279.0,JEWEL ACQUISITION LLC - MIDLAND PLANT,950 TENTH ST,MIDLAND,PA,15059,40.63537,-80.44903,BEAVER,331110,nan,15059JLSPC12THS,TRI,right_only
issues,issues,issues,issues,issues,issues,issues,issues,issues,issues,110000330188.0,LATROBE SPECIALTY METALS,2626 LIGONIER ST,LATROBE,PA,15650,40.302598,-79.372804,WESTMORELAND,331110,nan,15650LTRBS2626L,TRI,right_only
issues,issues,issues,issues,issues,issues,issues,issues,issues,issues,110000330650.0,NORTH AMERICAN HOGANAS,111 HOGANAS WAY,HOLLSOPPLE,PA,15935,40.192646,-78.933994,SOMERSET,331110,nan,15935FRSTMRTE60,TRI,right_only
issues,issues,issues,issues,issues,issues,issues,issues,issues,issues,110000583574.0,IPSCO KOPPEL TUBULARS CORP,6403 6TH AVE,KOPPEL,PA,16136,40.839508,-80.320897,BEAVER,331110,nan,16136BBCCKMOUNT,TRI,right_only
issues,issues,issues,issues,issues,issues,issues,issues,issues,issues,110000331374.0,ELLWOOD NATIONAL FORGE CO,1 FRONT ST,IRVINE,PA,16329,41.841555,-79.27005,WARREN,332111,nan,16329NTNLF1FRON,TRI,right_only
issues,issues,issues,issues,issues,issues,issues,issues,issues,issues,110040907392.0,STANDARD STEEL LLC,500 N WALNUT ST,BURNHAM,PA,17009,40.636944,-77.571944,MIFFLIN,331110,nan,17009STNDR500WA,TRI,right_only
issues,issues,issues,issues,issues,issues,issues,issues,issues,issues,110000332916.0,CLEVELAND-CLIFFS STEELTON LLC,215 S FRONT ST,STEELTON,PA,17113,40.226389,-76.848611,DAUPHIN,331110,nan,17113BTHLHFRONT,TRI,right_only
issues,issues,issues,issues,issues,issues,issues,issues,issues,issues,110005981928.0,CLEVELAND-CLIFFS  PLATE LLC COATESVILLE FACILITY,139 MODENA RD,COATESVILLE,PA,19320,39.98301,-75.82791,CHESTER,331110,nan,19320LKNSSMODEN,TRI,right_only
issues,issues,issues,issues,issues,issues,issues,issues,issues,issues,110010267237.0,CARPENTER TECHNOLOGY CORP,101 W BERN ST,READING,PA,19601,40.361105,-75.936838,BERKS,331110,nan,19612CRPNT101WB,TRI,right_only
issues,issues,issues,issues,issues,issues,issues,issues,issues,issues,110002097766.0,CHAPARRAL (VA) INC,25801 HOFHEIMER WAY,PETERSBURG,VA,23803,37.179254,-77.447487,DINWIDDIE,331110,nan,23803CHPRR25801,TRI,right_only
issues,issues,issues,issues,issues,issues,issues,issues,issues,issues,110000342889.0,STEEL DYNAMICS INC ROANOKE BAR DIV,102 WESTSIDE BLVD,ROANOKE,VA,24017,37.27251,-79.99861,ROANOKE (CITY),331110,nan,24017RNKLC102WE,TRI,right_only
issues,issues,issues,issues,issues,issues,issues,issues,issues,issues,110024423131.0,NUCOR STEEL HERTFORD COUNTY,1505 RIVER RD,COFIELD,NC,27922,36.355216,-76.81115,HERTFORD,331110,nan,27922NCRST1505R,TRI,right_only
issues,issues,issues,issues,issues,issues,issues,issues,issues,issues,110012474697.0,GERDAU LONG STEEL NA-CHARLOTTE MILL,6601 LAKEVIEW RD,CHARLOTTE,NC,28269,35.33902,-80.82926,MECKLENBURG,332312,nan,28213FLRDSHWY11,TRI,right_only
issues,issues,issues,issues,issues,issues,issues,issues,issues,issues,110000351887.0,CMC STEEL SC,310 NEW STATE RD,CAYCE,SC,29033,33.963256,-81.049798,LEXINGTON,331110,nan,29033WNLCT310NE,TRI,right_only
issues,issues,issues,issues,issues,issues,issues,issues,issues,issues,110000353527.0,NUCOR STEEL-BERKELEY,1455 HAGAN AVE,HUGER,SC,29450,33.004097,-79.8816,BERKELEY,331110,nan,29450NCRST1455H,TRI,right_only
issues,issues,issues,issues,issues,issues,issues,issues,issues,issues,110008566845.0,NUCOR STEEL-DARLINGTON,300 STEEL MILL RD,DARLINGTON,SC,29540,34.375958,-79.896878,DARLINGTON,331110,nan,29532NCRSTBOX52,TRI,right_only
issues,issues,issues,issues,issues,issues,issues,issues,issues,issues,110041343267.0,GERDAU AMERISTEEL CARTERSVILLE STEEL MILL,384 OLD GRASSDALE RD NE,CARTERSVILLE,GA,30121,34.242779,-84.797775,BARTOW,331110,nan,30120TLNTCPEEPL,TRI,right_only
issues,issues,issues,issues,issues,issues,issues,issues,issues,issues,110009072984.0,CMC STEEL FLORIDA,16770 REBAR RD,JACKSONVILLE,FL,32234,30.28835,-81.977729,DUVAL,331110,nan,32234FLRDSHWY21,TRI,right_only
issues,issues,issues,issues,issues,issues,issues,issues,issues,issues,110013834770.0,SMI STEEL LLC DBA CMC STEEL ALABAMA,101 S 50TH ST,BIRMINGHAM,AL,35212,33.534104,-86.757929,JEFFERSON,331110,nan,35212SMSTLPOBOX,TRI,right_only
issues,issues,issues,issues,issues,issues,issues,issues,issues,issues,110057474193.0,NUCOR STEEL BIRMINGHAM INC,2301 F L SHUTTLESWORTH DR,BIRMINGHAM,AL,35234,33.54539,-86.8093,JEFFERSON,331110,nan,35234BRMNG4301F,TRI,right_only
issues,issues,issues,issues,issues,issues,issues,issues,issues,issues,110042026170.0,NUCOR STEEL TUSCALOOSA INC,1700 HOLT RD NE,TUSCALOOSA,AL,35404,33.23375,-87.50693,TUSCALOOSA,331110,nan,35404TSCLS1500H,TRI,right_only
issues,issues,issues,issues,issues,issues,issues,issues,issues,issues,110000589328.0,NUCOR STEEL DECATUR LLC,4301 IVERSON BLVD,TRINITY,AL,35673,34.638906,-87.089036,MORGAN,331110,nan,35603TRCST4301H,TRI,right_only
issues,issues,issues,issues,issues,issues,issues,issues,issues,issues,110006034727.0,SSAB ALABAMA INC,12400 HWY 43 N,AXIS,AL,36505,30.943048,-88.012823,MOBILE,331110,nan,36505PSCST12400,TRI,right_only
issues,issues,issues,issues,issues,issues,issues,issues,issues,issues,110070881484.0,OUTOKUMPU STAINLESS USA LLC,1 STEEL DR,CALVERT,AL,36513,31.1522,-87.9858,MOBILE,331110,nan,3651WTHYSS1THYS,TRI,right_only
issues,issues,issues,issues,issues,issues,issues,issues,issues,issues,110000370134.0,HOEGANAES CORP,1315 AIRPORT RD,GALLATIN,TN,37066,36.380556,-86.416111,SUMNER,331110,nan,37066HGNSC810ST,TRI,right_only
issues,issues,issues,issues,issues,issues,issues,issues,issues,issues,110000373480.0,CMC STEEL TENNESSEE,1919 TENNESSEE AVE,KNOXVILLE,TN,37921,35.97812,-83.95645,KNOX,331110,nan,37921FLRDS1919T,TRI,right_only
issues,issues,issues,issues,issues,issues,issues,issues,issues,issues,110000374005.0,NUCOR STEEL MEMPHIS INC,3601 PAUL R LOWRY RD,MEMPHIS,TN,38109,35.04991,-90.15314,SHELBY,331110,nan,38109BRMNG3601P,TRI,right_only
issues,issues,issues,issues,issues,issues,issues,issues,issues,issues,110007846359.0,GERDAU LONG STEEL NORTH AMERICA - JACKSON MILL,801 GERDAU DRIVE,JACKSON,TN,38305,35.72409,-88.81766,MADISON,331110,nan,38305FLRDSUSHIG,TRI,right_only
issues,issues,issues,issues,issues,issues,issues,issues,issues,issues,110000376664.0,NUCOR STEEL JACKSON INC,3630 FOURTH ST,FLOWOOD,MS,39232,32.312167,-90.137278,RANKIN,331110,nan,39208BSCSTFOURT,TRI,right_only
issues,issues,issues,issues,issues,issues,issues,issues,issues,issues,110041596902.0,STEEL DYNAMICS INC FLAT ROLL GROUP COLUMBUS DIV,1945 AIRPORT RD,COLUMBUS,MS,39701,33.443611,-88.575556,LOWNDES,331110,nan,39701SVRCR1INDU,TRI,right_only
issues,issues,issues,issues,issues,issues,issues,issues,issues,issues,110000591226.0,NUCOR STEEL GALLATIN LLC,US HWY 42 W,WARSAW,KY,41095,38.766667,-85.004167,GALLATIN,331110,nan,41096GLLTNUS42W,TRI,right_only
issues,issues,issues,issues,issues,issues,issues,issues,issues,issues,110000741715.0,NUCOR STEEL MARION INC,912 CHENEY AVE,MARION,OH,43302,40.5707,-83.1388,MARION,331110,nan,43302MRNST912CH,TRI,right_only
issues,issues,issues,issues,issues,issues,issues,issues,issues,issues,110016755304.0,NORTH STAR BLUESCOPE STEEL LLC,6767 COUNTY RD 9,DELTA,OH,43515,41.5684,-84.03759,FULTON,331110,nan,43515NRTHS6767C,TRI,right_only
issues,issues,issues,issues,issues,issues,issues,issues,issues,issues,110011945681.0,CLEVELAND-CLIFFS CLEVELAND WORKS LLC,3060 EGGERS AVE,CLEVELAND,OH,44105,41.463486,-81.667828,CUYAHOGA,331110,nan,44105SGCLV3060E,TRI,right_only
issues,issues,issues,issues,issues,issues,issues,issues,issues,issues,110000387402.0,CHARTER MANUFACTURING CO. INC.,4300 E 49TH ST,CUYAHOGA HEIGHTS,OH,44125,41.442661,-81.66421,CUYAHOGA,331110,nan,44125MRCNS4300E,TRI,right_only
issues,issues,issues,issues,issues,issues,issues,issues,issues,issues,110000391898.0,CLEVELAND-CLIFFS STEEL CORP - MANSFIELD WORKS,913 BOWMAN ST,MANSFIELD,OH,44903,40.78449,-82.52327,RICHLAND,331110,nan,44901MPRDT913BO,TRI,right_only
issues,issues,issues,issues,issues,issues,issues,issues,issues,issues,110000392557.0,CLEVELAND-CLIFFS INC.,1801 CRAWFORD ST,MIDDLETOWN,OH,45044,39.480699,-84.381196,BUTLER,331110,nan,45043RMCNC1801C,TRI,right_only
issues,issues,issues,issues,issues,issues,issues,issues,issues,issues,110056970461.0,STEEL DYNAMICS INC-ENGINEERED BAR PRODUCTS DIV,8000 N COUNTY RD 225E,PITTSBORO,IN,46167,39.876783,-86.482113,HENDRICKS,331110,nan,46167QLTCH8000N,TRI,right_only
issues,issues,issues,issues,issues,issues,issues,issues,issues,issues,110000607558.0,CLEVELAND-CLIFFS BURNS HARBOR LLC,250 W US HWY 12,BURNS HARBOR,IN,46304,41.634,-87.131,PORTER,331110,nan,46304BTHLHBURNS,TRI,right_only
issues,issues,issues,issues,issues,issues,issues,issues,issues,issues,110000397794.0,CLEVELAND-CLIFFS STEEL LLC,3001 DICKEY RD,EAST CHICAGO,IN,46312,41.651165,-87.459167,LAKE,331110,nan,46312LTVST3001D,TRI,right_only
issues,issues,issues,issues,issues,issues,issues,issues,issues,issues,110066942526.0,CLEVELAND-CLIFFS STEEL LLC,3210 WATLING ST MAIL CODE (8-130),EAST CHICAGO,IN,46312,41.656321,-87.450142,LAKE,331110,nan,46312NLNDS3210W,TRI,right_only
issues,issues,issues,issues,issues,issues,issues,issues,issues,issues,110000398212.0,NLMK INDIANA,6500 S BOUNDARY RD,PORTAGE,IN,46368,41.62225,-87.161639,PORTER,331110,nan,46368BTSTL6500S,TRI,right_only
issues,issues,issues,issues,issues,issues,issues,issues,issues,issues,110000398374.0,USS GARY WORKS,1 N BROADWAY,GARY,IN,46402,41.6125,-87.3114,LAKE,331110,nan,46402SSGRYONENO,TRI,right_only
issues,issues,issues,issues,issues,issues,issues,issues,issues,issues,110017410595.0,NUCOR STEEL,4537 S NUCOR RD,CRAWFORDSVILLE,IN,47933,39.9747,-86.8301,MONTGOMERY,331110,nan,47933NCRST400SO,TRI,right_only
issues,issues,issues,issues,issues,issues,issues,issues,issues,issues,110060497001.0,CLEVELAND-CLIFFS STEEL CORP DEARBORN WORKS,4001 MILLER RD,DEARBORN,MI,48120,42.301742,-83.162934,WAYNE,331110,nan,48121RGSTL3001M,TRI,right_only
issues,issues,issues,issues,issues,issues,issues,issues,issues,issues,110000405945.0,GERDAU MACSTEEL MONROE,3000 E FRONT ST,MONROE,MI,48161,41.897173,-83.361645,MONROE,331110,nan,48161NRTHS3000E,TRI,right_only
issues,issues,issues,issues,issues,issues,issues,issues,issues,issues,110000409843.0,GERDAU SPECIAL STEEL NA,3100 BROOKLYN RD,JACKSON,MI,49203,42.202661,-84.363023,JACKSON,331110,nan,49204QNXCRPOBOX,TRI,right_only
issues,issues,issues,issues,issues,issues,issues,issues,issues,issues,110008524034.0,SSAB IOWA INC.,1770 BILL SHARP BLVD,MUSCATINE,IA,52761,41.48553,-90.82278,MUSCATINE,331110,nan,52761PSCST1770B,TRI,right_only
issues,issues,issues,issues,issues,issues,issues,issues,issues,issues,110000772913.0,GERDAU WILTON,1500 W 3RD ST,WILTON,IA,52778,41.585661,-91.042156,MUSCATINE,331110,nan,52778NRTHSHWY38,TRI,right_only
issues,issues,issues,issues,issues,issues,issues,issues,issues,issues,110030735916.0,A FINKL & SONS CO DBA FINKL STEEL - CHICAGO,1355 E 93RD ST,CHICAGO,IL,60619,41.726794,-87.590059,COOK,331110,nan,60619VRSNC1355E,TRI,right_only
issues,issues,issues,issues,issues,issues,issues,issues,issues,issues,110015682215.0,CLEVELAND-CLIFFS RIVERDALE LLC,13500 S PERRY AVE,RIVERDALE,IL,60827,41.656474,-87.625847,COOK,331110,nan,60627CMSTL13500,TRI,right_only
issues,issues,issues,issues,issues,issues,issues,issues,issues,issues,110038174098.0,NUCOR STEEL KANKAKEE INC,ONE NUCOR WAY,BOURBONNAIS,IL,60914,41.181332,-87.856643,KANKAKEE,331110,nan,60914BRMNGRR1BO,TRI,right_only
issues,issues,issues,issues,issues,issues,issues,issues,issues,issues,110013297823.0,STERLING STEEL CO LLC,101 AVE K,STERLING,IL,61081,41.786281,-89.709809,WHITESIDE,331110,nan,61081STRLN101AV,TRI,right_only
issues,issues,issues,issues,issues,issues,issues,issues,issues,issues,110000612212.0,KEYSTONE STEEL & WIRE CO D/B/A LIBERTY STEEL & WIRE PEORIA,7000 SW ADAMS ST,BARTONVILLE,IL,61607,40.642503,-89.645771,PEORIA,331110,nan,61641KYSTN7000S,TRI,right_only
issues,issues,issues,issues,issues,issues,issues,issues,issues,issues,110000438679.0,ALTON STEEL INC,5 CUT ST,ALTON,IL,62002,38.884444,-90.143735,MADISON,331110,nan,62002LCLDSCUTST,TRI,right_only
issues,issues,issues,issues,issues,issues,issues,issues,issues,issues,110018406679.0,U.S. STEEL GRANITE CITY WORKS,1951 STATE ST,GRANITE CITY,IL,62040,38.6954,-90.1367,MADISON,331110,nan,62040GRNTC20THS,TRI,right_only
issues,issues,issues,issues,issues,issues,issues,issues,issues,issues,110000448132.0,NUCOR STEEL NEBRASKA,2911 E NUCOR RD,NORFOLK,NE,68701,42.078346,-97.360153,STANTON,331110,nan,68701NCRSTRURAL,TRI,right_only
issues,issues,issues,issues,issues,issues,issues,issues,issues,issues,110041192410.0,BD LAPLACE LLC,138 HWY 3217,LA PLACE,LA,70068,30.03686,-90.46454,ST. JOHN THE BAPTIST PARISH,331110,nan,70069BYSTLRIVER,TRI,right_only
issues,issues,issues,issues,issues,issues,issues,issues,issues,issues,110000451671.0,ARKANSAS STEEL ASSOCIATES LLC,2803 VAN DYKE RD,NEWPORT,AR,72112,35.648518,-91.244662,JACKSON,331110,nan,72112RKNSSVANDY,TRI,right_only
issues,issues,issues,issues,issues,issues,issues,issues,issues,issues,110000452180.0,NUCOR STEEL-ARKANSAS,7301 E COUNTY RD 142,BLYTHEVILLE,AR,72315,35.941,-89.727,MISSISSIPPI,331110,nan,72315NCRST7301E,TRI,right_only
issues,issues,issues,issues,issues,issues,issues,issues,issues,issues,110000743562.0,NUCOR-YAMATO STEEL CO,5929 E STATE HWY 18,BLYTHEVILLE,AR,72316,35.901866,-89.775643,MISSISSIPPI,331110,nan,72316NCRYM5929E,TRI,right_only
issues,issues,issues,issues,issues,issues,issues,issues,issues,issues,110000453401.0,GERDAU-FORT SMITH MILL,5225 PLANTERS RD,FORT SMITH,AR,72916,35.3025,-94.375278,SEBASTIAN,331110,nan,72902QNXMC4700P,TRI,right_only
issues,issues,issues,issues,issues,issues,issues,issues,issues,issues,110022524062.0,MID AMERICAN STEEL & WIRE CO LLC,1327 SMILEY RD,MADILL,OK,73446,34.07091,-96.75503,MARSHALL,331110,nan,73446MDMRC1327S,TRI,right_only
issues,issues,issues,issues,issues,issues,issues,issues,issues,issues,110008148575.0,NUCOR STEEL - JEWETT TEXAS DIV,8812 HWY 79 W,JEWETT,TX,75846,31.354802,-96.165199,LEON,331110,nan,75846NCRSTHWY79,TRI,right_only
issues,issues,issues,issues,issues,issues,issues,issues,issues,issues,110000459183.0,CHAPARRAL STEEL MIDLOTHIAN LP,300 WARD RD,MIDLOTHIAN,TX,76065,32.458249,-97.036607,ELLIS,331110,nan,76065CHPRR300WA,TRI,right_only
issues,issues,issues,issues,issues,issues,issues,issues,issues,issues,110000599629.0,OPTIMUS STEEL LLC,100 OLD HWY 90 W,VIDOR,TX,77662,30.082397,-94.074476,ORANGE,331110,nan,77701NRTHSOLDHI,TRI,right_only
issues,issues,issues,issues,issues,issues,issues,issues,issues,issues,110000599745.0,STRUCTURAL METALS INC,ONE STEEL MILL DR,SEGUIN,TX,78155,29.580917,-98.034639,GUADALUPE,331110,nan,78156STRCTPOBOX,TRI,right_only
issues,issues,issues,issues,issues,issues,issues,issues,issues,issues,110000600154.0,VINTON STEEL LLC,I-10 & VINTON RD,VINTON,TX,79835,31.96534,-106.585052,EL PASO,331110,nan,79912BRDRSVINTO,TRI,right_only
issues,issues,issues,issues,issues,issues,issues,issues,issues,issues,110000467833.0,EVRAZ ROCKY MOUNTAIN STEEL,2100 S FWY,PUEBLO,CO,81004,38.232627,-104.607257,PUEBLO,331110,nan,81004CFSTL225CA,TRI,right_only
issues,issues,issues,issues,issues,issues,issues,issues,issues,issues,110020079537.0,NUCOR STEEL - A DIV OF NUCOR CORP,7825 W 21200 N,PLYMOUTH,UT,84330,41.8825,-112.1964,BOX ELDER,331110,nan,84330NCRST7285W,TRI,right_only
issues,issues,issues,issues,issues,issues,issues,issues,issues,issues,110037377969.0,CMC REBAR ARIZONA,11444 E GERMANN RD,MESA,AZ,85212,33.2853,-111.5863,MARICOPA,332312,nan,85212CMCRB11444,TRI,right_only
issues,issues,issues,issues,issues,issues,issues,issues,issues,issues,110000477788.0,TAMCO,12459 ARROW RT STE B,RANCHO CUCAMONGA,CA,91739,34.09787,-117.529362,SAN BERNARDINO,331110,nan,91739TMCXX12459,TRI,right_only
issues,issues,issues,issues,issues,issues,issues,issues,issues,issues,110040961947.0,CASCADE STEEL ROLLING MILLS INC,3200 NE HIGHWAY 99W,MCMINNVILLE,OR,97128,45.22863,-123.15905,YAMHILL,331110,nan,97128CSCDS3200N,TRI,right_only
issues,issues,issues,issues,issues,issues,issues,issues,issues,issues,110015969941.0,NUCOR STEEL SEATTLE INC,2424 SW ANDOVER,SEATTLE,WA,98106,47.569331,-122.367332,KING,331110,nan,98106SLMNB2424S,TRI,right_only
