FacilityID,FlowName,Compartment,FlowAmount,Unit,DataReliability,Process,ProcessType,Source,FacilityName,Address,City,Year,State,Zip,Latitude,Longitude,County,NAICS,SIC,SCC,code description,data category,scc level one,scc level two,scc level three,scc level four,sector,short name,status,tier 1 code,tier 1 description,tier 2 code,tier 2 description,tier 3 code,tier 3 description,FRS_ID,FlowChemIdentifier
2670411,Acenaphthene,air,6.955512407443601e-05,kg,2.0,10200602,SCC,NEI,Natural Gas Pipeline Co,RR 2 Box 142b,St Elmo,2011,IL,62458,39.1019,-88.85949999999998,Fayette,486210,,10200602,,Point,External Combustion,Industrial: Boilers,Natural Gas,10-100 Million BTU/hr,"Fuel Comb - Industrial Boilers, ICEs - Natural Gas",ExComb Ind NatGas 10-100MillionBTU/hr,Active,2,Fuel Comb. Industrial,3,Gas,1,Natural,110018125456.0,83-32-9
2670411,Acenaphthene,air,4.1071519044864e-05,kg,2.0,10200603,SCC,NEI,Natural Gas Pipeline Co,RR 2 Box 142b,St Elmo,2011,IL,62458,39.1019,-88.85949999999998,Fayette,486210,,10200603,,Point,External Combustion,Industrial: Boilers,Natural Gas,< 10 Million BTU/hr,"Fuel Comb - Industrial Boilers, ICEs - Natural Gas",ExComb Ind NatGas <10MillionBTU/hr,Active,2,Fuel Comb. Industrial,3,Gas,1,Natural,110018125456.0,83-32-9
2670411,Acenaphthene,air,0.0001218253851422,kg,2.0,31000404,SCC,NEI,Natural Gas Pipeline Co,RR 2 Box 142b,St Elmo,2011,IL,62458,39.1019,-88.85949999999998,Fayette,486210,,31000404,,Point,Industrial Processes,Oil and Gas Production,Process Heaters,Natural Gas,Industrial Processes - Oil & Gas Production,O&G Prod ProcHeaters NatGas,Active,2,Fuel Comb. Industrial,3,Gas,1,Natural,110018125456.0,83-32-9
2670411,Acenaphthylene,air,6.955512407443601e-05,kg,2.0,10200602,SCC,NEI,Natural Gas Pipeline Co,RR 2 Box 142b,St Elmo,2011,IL,62458,39.1019,-88.85949999999998,Fayette,486210,,10200602,,Point,External Combustion,Industrial: Boilers,Natural Gas,10-100 Million BTU/hr,"Fuel Comb - Industrial Boilers, ICEs - Natural Gas",ExComb Ind NatGas 10-100MillionBTU/hr,Active,2,Fuel Comb. Industrial,3,Gas,1,Natural,110018125456.0,208-96-8
2670411,Acenaphthylene,air,4.1071519044864e-05,kg,2.0,10200603,SCC,NEI,Natural Gas Pipeline Co,RR 2 Box 142b,St Elmo,2011,IL,62458,39.1019,-88.85949999999998,Fayette,486210,,10200603,,Point,External Combustion,Industrial: Boilers,Natural Gas,< 10 Million BTU/hr,"Fuel Comb - Industrial Boilers, ICEs - Natural Gas",ExComb Ind NatGas <10MillionBTU/hr,Active,2,Fuel Comb. Industrial,3,Gas,1,Natural,110018125456.0,208-96-8
2670411,Acenaphthylene,air,0.0001218253851422,kg,2.0,31000404,SCC,NEI,Natural Gas Pipeline Co,RR 2 Box 142b,St Elmo,2011,IL,62458,39.1019,-88.85949999999998,Fayette,486210,,31000404,,Point,Industrial Processes,Oil and Gas Production,Process Heaters,Natural Gas,Industrial Processes - Oil & Gas Production,O&G Prod ProcHeaters NatGas,Active,2,Fuel Comb. Industrial,3,Gas,1,Natural,110018125456.0,208-96-8
2670411,Acetaldehyde,air,0.5873549455435201,kg,2.0,10200602,SCC,NEI,Natural Gas Pipeline Co,RR 2 Box 142b,St Elmo,2011,IL,62458,39.1019,-88.85949999999998,Fayette,486210,,10200602,,Point,External Combustion,Industrial: Boilers,Natural Gas,10-100 Million BTU/hr,"Fuel Comb - Industrial Boilers, ICEs - Natural Gas",ExComb Ind NatGas 10-100MillionBTU/hr,Active,2,Fuel Comb. Industrial,3,Gas,1,Natural,110018125456.0,75-07-0
2670411,Acetaldehyde,air,0.3468257979494,kg,2.0,10200603,SCC,NEI,Natural Gas Pipeline Co,RR 2 Box 142b,St Elmo,2011,IL,62458,39.1019,-88.85949999999998,Fayette,486210,,10200603,,Point,External Combustion,Industrial: Boilers,Natural Gas,< 10 Million BTU/hr,"Fuel Comb - Industrial Boilers, ICEs - Natural Gas",ExComb Ind NatGas <10MillionBTU/hr,Active,2,Fuel Comb. Industrial,3,Gas,1,Natural,110018125456.0,75-07-0
2670411,Acetaldehyde,air,1.02874568079052,kg,2.0,31000404,SCC,NEI,Natural Gas Pipeline Co,RR 2 Box 142b,St Elmo,2011,IL,62458,39.1019,-88.85949999999998,Fayette,486210,,31000404,,Point,Industrial Processes,Oil and Gas Production,Process Heaters,Natural Gas,Industrial Processes - Oil & Gas Production,O&G Prod ProcHeaters NatGas,Active,2,Fuel Comb. Industrial,3,Gas,1,Natural,110018125456.0,75-07-0
2670411,Acrolein,air,0.69555124074436,kg,2.0,10200602,SCC,NEI,Natural Gas Pipeline Co,RR 2 Box 142b,St Elmo,2011,IL,62458,39.1019,-88.85949999999998,Fayette,486210,,10200602,,Point,External Combustion,Industrial: Boilers,Natural Gas,10-100 Million BTU/hr,"Fuel Comb - Industrial Boilers, ICEs - Natural Gas",ExComb Ind NatGas 10-100MillionBTU/hr,Active,2,Fuel Comb. Industrial,3,Gas,1,Natural,110018125456.0,25314-61-8
2670411,Acrolein,air,0.41071519044864,kg,2.0,10200603,SCC,NEI,Natural Gas Pipeline Co,RR 2 Box 142b,St Elmo,2011,IL,62458,39.1019,-88.85949999999998,Fayette,486210,,10200603,,Point,External Combustion,Industrial: Boilers,Natural Gas,< 10 Million BTU/hr,"Fuel Comb - Industrial Boilers, ICEs - Natural Gas",ExComb Ind NatGas <10MillionBTU/hr,Active,2,Fuel Comb. Industrial,3,Gas,1,Natural,110018125456.0,25314-61-8
2670411,Acrolein,air,1.21825294423756,kg,2.0,31000404,SCC,NEI,Natural Gas Pipeline Co,RR 2 Box 142b,St Elmo,2011,IL,62458,39.1019,-88.85949999999998,Fayette,486210,,31000404,,Point,Industrial Processes,Oil and Gas Production,Process Heaters,Natural Gas,Industrial Processes - Oil & Gas Production,O&G Prod ProcHeaters NatGas,Active,2,Fuel Comb. Industrial,3,Gas,1,Natural,110018125456.0,25314-61-8
2670411,Ammonia,air,127.0058636,kg,2.0,10200602,SCC,NEI,Natural Gas Pipeline Co,RR 2 Box 142b,St Elmo,2011,IL,62458,39.1019,-88.85949999999998,Fayette,486210,,10200602,,Point,External Combustion,Industrial: Boilers,Natural Gas,10-100 Million BTU/hr,"Fuel Comb - Industrial Boilers, ICEs - Natural Gas",ExComb Ind NatGas 10-100MillionBTU/hr,Active,2,Fuel Comb. Industrial,3,Gas,1,Natural,110018125456.0,15194-15-7
2670411,Ammonia,air,108.8621688,kg,2.0,10200603,SCC,NEI,Natural Gas Pipeline Co,RR 2 Box 142b,St Elmo,2011,IL,62458,39.1019,-88.85949999999998,Fayette,486210,,10200603,,Point,External Combustion,Industrial: Boilers,Natural Gas,< 10 Million BTU/hr,"Fuel Comb - Industrial Boilers, ICEs - Natural Gas",ExComb Ind NatGas <10MillionBTU/hr,Active,2,Fuel Comb. Industrial,3,Gas,1,Natural,110018125456.0,15194-15-7
2670411,Ammonia,air,181.436948,kg,2.0,31000404,SCC,NEI,Natural Gas Pipeline Co,RR 2 Box 142b,St Elmo,2011,IL,62458,39.1019,-88.85949999999998,Fayette,486210,,31000404,,Point,Industrial Processes,Oil and Gas Production,Process Heaters,Natural Gas,Industrial Processes - Oil & Gas Production,O&G Prod ProcHeaters NatGas,Active,2,Fuel Comb. Industrial,3,Gas,1,Natural,110018125456.0,15194-15-7
2670411,Anthracene,air,9.273968160072e-05,kg,2.0,10200602,SCC,NEI,Natural Gas Pipeline Co,RR 2 Box 142b,St Elmo,2011,IL,62458,39.1019,-88.85949999999998,Fayette,486210,,10200602,,Point,External Combustion,Industrial: Boilers,Natural Gas,10-100 Million BTU/hr,"Fuel Comb - Industrial Boilers, ICEs - Natural Gas",ExComb Ind NatGas 10-100MillionBTU/hr,Active,2,Fuel Comb. Industrial,3,Gas,1,Natural,110018125456.0,120-12-7
2670411,Anthracene,air,5.4762025393152006e-05,kg,2.0,10200603,SCC,NEI,Natural Gas Pipeline Co,RR 2 Box 142b,St Elmo,2011,IL,62458,39.1019,-88.85949999999998,Fayette,486210,,10200603,,Point,External Combustion,Industrial: Boilers,Natural Gas,< 10 Million BTU/hr,"Fuel Comb - Industrial Boilers, ICEs - Natural Gas",ExComb Ind NatGas <10MillionBTU/hr,Active,2,Fuel Comb. Industrial,3,Gas,1,Natural,110018125456.0,120-12-7
2670411,Anthracene,air,0.0001624336049403,kg,2.0,31000404,SCC,NEI,Natural Gas Pipeline Co,RR 2 Box 142b,St Elmo,2011,IL,62458,39.1019,-88.85949999999998,Fayette,486210,,31000404,,Point,Industrial Processes,Oil and Gas Production,Process Heaters,Natural Gas,Industrial Processes - Oil & Gas Production,O&G Prod ProcHeaters NatGas,Active,2,Fuel Comb. Industrial,3,Gas,1,Natural,110018125456.0,120-12-7
2670411,Arsenic,air,0.0077283430874496,kg,2.0,10200602,SCC,NEI,Natural Gas Pipeline Co,RR 2 Box 142b,St Elmo,2011,IL,62458,39.1019,-88.85949999999998,Fayette,486210,,10200602,,Point,External Combustion,Industrial: Boilers,Natural Gas,10-100 Million BTU/hr,"Fuel Comb - Industrial Boilers, ICEs - Natural Gas",ExComb Ind NatGas 10-100MillionBTU/hr,Active,2,Fuel Comb. Industrial,3,Gas,1,Natural,110018125456.0,7784-42-1
2670411,Arsenic,air,0.004563502116096,kg,2.0,10200603,SCC,NEI,Natural Gas Pipeline Co,RR 2 Box 142b,St Elmo,2011,IL,62458,39.1019,-88.85949999999998,Fayette,486210,,10200603,,Point,External Combustion,Industrial: Boilers,Natural Gas,< 10 Million BTU/hr,"Fuel Comb - Industrial Boilers, ICEs - Natural Gas",ExComb Ind NatGas <10MillionBTU/hr,Active,2,Fuel Comb. Industrial,3,Gas,1,Natural,110018125456.0,7784-42-1
2670411,Arsenic,air,0.0135361579366244,kg,2.0,31000404,SCC,NEI,Natural Gas Pipeline Co,RR 2 Box 142b,St Elmo,2011,IL,62458,39.1019,-88.85949999999998,Fayette,486210,,31000404,,Point,Industrial Processes,Oil and Gas Production,Process Heaters,Natural Gas,Industrial Processes - Oil & Gas Production,O&G Prod ProcHeaters NatGas,Active,2,Fuel Comb. Industrial,3,Gas,1,Natural,110018125456.0,7784-42-1
2670411,Benz[a]Anthracene,air,6.955512407443601e-05,kg,2.0,10200602,SCC,NEI,Natural Gas Pipeline Co,RR 2 Box 142b,St Elmo,2011,IL,62458,39.1019,-88.85949999999998,Fayette,486210,,10200602,,Point,External Combustion,Industrial: Boilers,Natural Gas,10-100 Million BTU/hr,"Fuel Comb - Industrial Boilers, ICEs - Natural Gas",ExComb Ind NatGas 10-100MillionBTU/hr,Active,2,Fuel Comb. Industrial,3,Gas,1,Natural,110018125456.0,56-55-3
2670411,Benz[a]Anthracene,air,4.1071519044864e-05,kg,2.0,10200603,SCC,NEI,Natural Gas Pipeline Co,RR 2 Box 142b,St Elmo,2011,IL,62458,39.1019,-88.85949999999998,Fayette,486210,,10200603,,Point,External Combustion,Industrial: Boilers,Natural Gas,< 10 Million BTU/hr,"Fuel Comb - Industrial Boilers, ICEs - Natural Gas",ExComb Ind NatGas <10MillionBTU/hr,Active,2,Fuel Comb. Industrial,3,Gas,1,Natural,110018125456.0,56-55-3
2670411,Benz[a]Anthracene,air,0.0001218253851422,kg,2.0,31000404,SCC,NEI,Natural Gas Pipeline Co,RR 2 Box 142b,St Elmo,2011,IL,62458,39.1019,-88.85949999999998,Fayette,486210,,31000404,,Point,Industrial Processes,Oil and Gas Production,Process Heaters,Natural Gas,Industrial Processes - Oil & Gas Production,O&G Prod ProcHeaters NatGas,Active,2,Fuel Comb. Industrial,3,Gas,1,Natural,110018125456.0,56-55-3
2670411,Benzene,air,0.081147493556052,kg,2.0,10200602,SCC,NEI,Natural Gas Pipeline Co,RR 2 Box 142b,St Elmo,2011,IL,62458,39.1019,-88.85949999999998,Fayette,486210,,10200602,,Point,External Combustion,Industrial: Boilers,Natural Gas,10-100 Million BTU/hr,"Fuel Comb - Industrial Boilers, ICEs - Natural Gas",ExComb Ind NatGas 10-100MillionBTU/hr,Active,2,Fuel Comb. Industrial,3,Gas,1,Natural,110018125456.0,27271-55-2
2670411,Benzene,air,0.047916862937482,kg,2.0,10200603,SCC,NEI,Natural Gas Pipeline Co,RR 2 Box 142b,St Elmo,2011,IL,62458,39.1019,-88.85949999999998,Fayette,486210,,10200603,,Point,External Combustion,Industrial: Boilers,Natural Gas,< 10 Million BTU/hr,"Fuel Comb - Industrial Boilers, ICEs - Natural Gas",ExComb Ind NatGas <10MillionBTU/hr,Active,2,Fuel Comb. Industrial,3,Gas,1,Natural,110018125456.0,27271-55-2
2670411,Benzene,air,0.142129721837488,kg,2.0,31000404,SCC,NEI,Natural Gas Pipeline Co,RR 2 Box 142b,St Elmo,2011,IL,62458,39.1019,-88.85949999999998,Fayette,486210,,31000404,,Point,Industrial Processes,Oil and Gas Production,Process Heaters,Natural Gas,Industrial Processes - Oil & Gas Production,O&G Prod ProcHeaters NatGas,Active,2,Fuel Comb. Industrial,3,Gas,1,Natural,110018125456.0,27271-55-2
2670411,Benzene,air,0.011343619425908,kg,2.0,40600302,SCC,NEI,Natural Gas Pipeline Co,RR 2 Box 142b,St Elmo,2011,IL,62458,39.1019,-88.85949999999998,Fayette,486210,,40600302,,Point,Chemical Evaporation,Transportation and Marketing of Petroleum Products,Gasoline Retail Operations - Stage I,Submerged Filling,Gas Stations,Evap PetrolProd GasolineRetailOpsStage1 SeeSCCLev4,Active,9,Storage & Transport,4,Service Stations: Stage I,99,Other,110018125456.0,27271-55-2
2670411,Benzo[a]Pyrene,air,4.6370022237308e-05,kg,2.0,10200602,SCC,NEI,Natural Gas Pipeline Co,RR 2 Box 142b,St Elmo,2011,IL,62458,39.1019,-88.85949999999998,Fayette,486210,,10200602,,Point,External Combustion,Industrial: Boilers,Natural Gas,10-100 Million BTU/hr,"Fuel Comb - Industrial Boilers, ICEs - Natural Gas",ExComb Ind NatGas 10-100MillionBTU/hr,Active,2,Fuel Comb. Industrial,3,Gas,1,Natural,110018125456.0,6699-27-0
2670411,Benzo[a]Pyrene,air,2.7381012696576003e-05,kg,2.0,10200603,SCC,NEI,Natural Gas Pipeline Co,RR 2 Box 142b,St Elmo,2011,IL,62458,39.1019,-88.85949999999998,Fayette,486210,,10200603,,Point,External Combustion,Industrial: Boilers,Natural Gas,< 10 Million BTU/hr,"Fuel Comb - Industrial Boilers, ICEs - Natural Gas",ExComb Ind NatGas <10MillionBTU/hr,Active,2,Fuel Comb. Industrial,3,Gas,1,Natural,110018125456.0,6699-27-0
2670411,Benzo[a]Pyrene,air,8.1216893188662e-05,kg,2.0,31000404,SCC,NEI,Natural Gas Pipeline Co,RR 2 Box 142b,St Elmo,2011,IL,62458,39.1019,-88.85949999999998,Fayette,486210,,31000404,,Point,Industrial Processes,Oil and Gas Production,Process Heaters,Natural Gas,Industrial Processes - Oil & Gas Production,O&G Prod ProcHeaters NatGas,Active,2,Fuel Comb. Industrial,3,Gas,1,Natural,110018125456.0,6699-27-0
2670411,Benzo[b]Fluoranthene,air,6.955512407443601e-05,kg,2.0,10200602,SCC,NEI,Natural Gas Pipeline Co,RR 2 Box 142b,St Elmo,2011,IL,62458,39.1019,-88.85949999999998,Fayette,486210,,10200602,,Point,External Combustion,Industrial: Boilers,Natural Gas,10-100 Million BTU/hr,"Fuel Comb - Industrial Boilers, ICEs - Natural Gas",ExComb Ind NatGas 10-100MillionBTU/hr,Active,2,Fuel Comb. Industrial,3,Gas,1,Natural,110018125456.0,205-99-2
2670411,Benzo[b]Fluoranthene,air,4.1071519044864e-05,kg,2.0,10200603,SCC,NEI,Natural Gas Pipeline Co,RR 2 Box 142b,St Elmo,2011,IL,62458,39.1019,-88.85949999999998,Fayette,486210,,10200603,,Point,External Combustion,Industrial: Boilers,Natural Gas,< 10 Million BTU/hr,"Fuel Comb - Industrial Boilers, ICEs - Natural Gas",ExComb Ind NatGas <10MillionBTU/hr,Active,2,Fuel Comb. Industrial,3,Gas,1,Natural,110018125456.0,205-99-2
2670411,Benzo[b]Fluoranthene,air,0.0001218253851422,kg,2.0,31000404,SCC,NEI,Natural Gas Pipeline Co,RR 2 Box 142b,St Elmo,2011,IL,62458,39.1019,-88.85949999999998,Fayette,486210,,31000404,,Point,Industrial Processes,Oil and Gas Production,Process Heaters,Natural Gas,Industrial Processes - Oil & Gas Production,O&G Prod ProcHeaters NatGas,Active,2,Fuel Comb. Industrial,3,Gas,1,Natural,110018125456.0,205-99-2
2670411,"Benzo[g,h,i,]Perylene",air,4.6370022237308e-05,kg,2.0,10200602,SCC,NEI,Natural Gas Pipeline Co,RR 2 Box 142b,St Elmo,2011,IL,62458,39.1019,-88.85949999999998,Fayette,486210,,10200602,,Point,External Combustion,Industrial: Boilers,Natural Gas,10-100 Million BTU/hr,"Fuel Comb - Industrial Boilers, ICEs - Natural Gas",ExComb Ind NatGas 10-100MillionBTU/hr,Active,2,Fuel Comb. Industrial,3,Gas,1,Natural,110018125456.0,
2670411,"Benzo[g,h,i,]Perylene",air,2.7381012696576003e-05,kg,2.0,10200603,SCC,NEI,Natural Gas Pipeline Co,RR 2 Box 142b,St Elmo,2011,IL,62458,39.1019,-88.85949999999998,Fayette,486210,,10200603,,Point,External Combustion,Industrial: Boilers,Natural Gas,< 10 Million BTU/hr,"Fuel Comb - Industrial Boilers, ICEs - Natural Gas",ExComb Ind NatGas <10MillionBTU/hr,Active,2,Fuel Comb. Industrial,3,Gas,1,Natural,110018125456.0,
2670411,"Benzo[g,h,i,]Perylene",air,8.1216893188662e-05,kg,2.0,31000404,SCC,NEI,Natural Gas Pipeline Co,RR 2 Box 142b,St Elmo,2011,IL,62458,39.1019,-88.85949999999998,Fayette,486210,,31000404,,Point,Industrial Processes,Oil and Gas Production,Process Heaters,Natural Gas,Industrial Processes - Oil & Gas Production,O&G Prod ProcHeaters NatGas,Active,2,Fuel Comb. Industrial,3,Gas,1,Natural,110018125456.0,
2670411,Benzo[k]Fluoranthene,air,6.955512407443601e-05,kg,2.0,10200602,SCC,NEI,Natural Gas Pipeline Co,RR 2 Box 142b,St Elmo,2011,IL,62458,39.1019,-88.85949999999998,Fayette,486210,,10200602,,Point,External Combustion,Industrial: Boilers,Natural Gas,10-100 Million BTU/hr,"Fuel Comb - Industrial Boilers, ICEs - Natural Gas",ExComb Ind NatGas 10-100MillionBTU/hr,Active,2,Fuel Comb. Industrial,3,Gas,1,Natural,110018125456.0,207-08-9
2670411,Benzo[k]Fluoranthene,air,4.1071519044864e-05,kg,2.0,10200603,SCC,NEI,Natural Gas Pipeline Co,RR 2 Box 142b,St Elmo,2011,IL,62458,39.1019,-88.85949999999998,Fayette,486210,,10200603,,Point,External Combustion,Industrial: Boilers,Natural Gas,< 10 Million BTU/hr,"Fuel Comb - Industrial Boilers, ICEs - Natural Gas",ExComb Ind NatGas <10MillionBTU/hr,Active,2,Fuel Comb. Industrial,3,Gas,1,Natural,110018125456.0,207-08-9
2670411,Benzo[k]Fluoranthene,air,0.0001218253851422,kg,2.0,31000404,SCC,NEI,Natural Gas Pipeline Co,RR 2 Box 142b,St Elmo,2011,IL,62458,39.1019,-88.85949999999998,Fayette,486210,,31000404,,Point,Industrial Processes,Oil and Gas Production,Process Heaters,Natural Gas,Industrial Processes - Oil & Gas Production,O&G Prod ProcHeaters NatGas,Active,2,Fuel Comb. Industrial,3,Gas,1,Natural,110018125456.0,207-08-9
2670411,Beryllium,air,0.000463700222373,kg,2.0,10200602,SCC,NEI,Natural Gas Pipeline Co,RR 2 Box 142b,St Elmo,2011,IL,62458,39.1019,-88.85949999999998,Fayette,486210,,10200602,,Point,External Combustion,Industrial: Boilers,Natural Gas,10-100 Million BTU/hr,"Fuel Comb - Industrial Boilers, ICEs - Natural Gas",ExComb Ind NatGas 10-100MillionBTU/hr,Active,2,Fuel Comb. Industrial,3,Gas,1,Natural,110018125456.0,7440-41-7
2670411,Beryllium,air,0.0002738101269657,kg,2.0,10200603,SCC,NEI,Natural Gas Pipeline Co,RR 2 Box 142b,St Elmo,2011,IL,62458,39.1019,-88.85949999999998,Fayette,486210,,10200603,,Point,External Combustion,Industrial: Boilers,Natural Gas,< 10 Million BTU/hr,"Fuel Comb - Industrial Boilers, ICEs - Natural Gas",ExComb Ind NatGas <10MillionBTU/hr,Active,2,Fuel Comb. Industrial,3,Gas,1,Natural,110018125456.0,7440-41-7
2670411,Beryllium,air,0.0008121680247018,kg,2.0,31000404,SCC,NEI,Natural Gas Pipeline Co,RR 2 Box 142b,St Elmo,2011,IL,62458,39.1019,-88.85949999999998,Fayette,486210,,31000404,,Point,Industrial Processes,Oil and Gas Production,Process Heaters,Natural Gas,Industrial Processes - Oil & Gas Production,O&G Prod ProcHeaters NatGas,Active,2,Fuel Comb. Industrial,3,Gas,1,Natural,110018125456.0,7440-41-7
2670411,Cadmium,air,0.0425057781188039,kg,2.0,10200602,SCC,NEI,Natural Gas Pipeline Co,RR 2 Box 142b,St Elmo,2011,IL,62458,39.1019,-88.85949999999998,Fayette,486210,,10200602,,Point,External Combustion,Industrial: Boilers,Natural Gas,10-100 Million BTU/hr,"Fuel Comb - Industrial Boilers, ICEs - Natural Gas",ExComb Ind NatGas 10-100MillionBTU/hr,Active,2,Fuel Comb. Industrial,3,Gas,1,Natural,110018125456.0,81271-94-5
2670411,Cadmium,air,0.025099261638528,kg,2.0,10200603,SCC,NEI,Natural Gas Pipeline Co,RR 2 Box 142b,St Elmo,2011,IL,62458,39.1019,-88.85949999999998,Fayette,486210,,10200603,,Point,External Combustion,Industrial: Boilers,Natural Gas,< 10 Million BTU/hr,"Fuel Comb - Industrial Boilers, ICEs - Natural Gas",ExComb Ind NatGas <10MillionBTU/hr,Active,2,Fuel Comb. Industrial,3,Gas,1,Natural,110018125456.0,81271-94-5
2670411,Cadmium,air,0.074448750717418,kg,2.0,31000404,SCC,NEI,Natural Gas Pipeline Co,RR 2 Box 142b,St Elmo,2011,IL,62458,39.1019,-88.85949999999998,Fayette,486210,,31000404,,Point,Industrial Processes,Oil and Gas Production,Process Heaters,Natural Gas,Industrial Processes - Oil & Gas Production,O&G Prod ProcHeaters NatGas,Active,2,Fuel Comb. Industrial,3,Gas,1,Natural,110018125456.0,81271-94-5
2670411,Carbon Monoxide,air,3247.7213692,kg,2.0,10200602,SCC,NEI,Natural Gas Pipeline Co,RR 2 Box 142b,St Elmo,2011,IL,62458,39.1019,-88.85949999999998,Fayette,486210,,10200602,,Point,External Combustion,Industrial: Boilers,Natural Gas,10-100 Million BTU/hr,"Fuel Comb - Industrial Boilers, ICEs - Natural Gas",ExComb Ind NatGas 10-100MillionBTU/hr,Active,2,Fuel Comb. Industrial,3,Gas,1,Natural,110018125456.0,50-00-0
2670411,Carbon Monoxide,air,1923.2316488,kg,2.0,10200603,SCC,NEI,Natural Gas Pipeline Co,RR 2 Box 142b,St Elmo,2011,IL,62458,39.1019,-88.85949999999998,Fayette,486210,,10200603,,Point,External Combustion,Industrial: Boilers,Natural Gas,< 10 Million BTU/hr,"Fuel Comb - Industrial Boilers, ICEs - Natural Gas",ExComb Ind NatGas <10MillionBTU/hr,Active,2,Fuel Comb. Industrial,3,Gas,1,Natural,110018125456.0,50-00-0
2670411,Carbon Monoxide,air,35670.503976800006,kg,1.5328077314343844,20200202,SCC,NEI,Natural Gas Pipeline Co,RR 2 Box 142b,St Elmo,2011,IL,62458,39.1019,-88.85949999999998,Fayette,486210,,20200202,,Point,Internal Combustion Engines,Industrial,Natural Gas,Reciprocating,"Fuel Comb - Industrial Boilers, ICEs - Natural Gas",ICE Ind NatGas Recip,Active,2,Fuel Comb. Industrial,5,Internal Combustion,99,Other,110018125456.0,50-00-0
2670411,Carbon Monoxide,air,4835.2946642,kg,2.0,31000404,SCC,NEI,Natural Gas Pipeline Co,RR 2 Box 142b,St Elmo,2011,IL,62458,39.1019,-88.85949999999998,Fayette,486210,,31000404,,Point,Industrial Processes,Oil and Gas Production,Process Heaters,Natural Gas,Industrial Processes - Oil & Gas Production,O&G Prod ProcHeaters NatGas,Active,2,Fuel Comb. Industrial,3,Gas,1,Natural,110018125456.0,50-00-0
2670411,Chromium (VI),air,0.0021639259040168,kg,2.0,10200602,SCC,NEI,Natural Gas Pipeline Co,RR 2 Box 142b,St Elmo,2011,IL,62458,39.1019,-88.85949999999998,Fayette,486210,,10200602,,Point,External Combustion,Industrial: Boilers,Natural Gas,10-100 Million BTU/hr,"Fuel Comb - Industrial Boilers, ICEs - Natural Gas",ExComb Ind NatGas 10-100MillionBTU/hr,Active,2,Fuel Comb. Industrial,3,Gas,1,Natural,110018125456.0,18540-29-9
2670411,Chromium (VI),air,0.0012777833140611,kg,2.0,10200603,SCC,NEI,Natural Gas Pipeline Co,RR 2 Box 142b,St Elmo,2011,IL,62458,39.1019,-88.85949999999998,Fayette,486210,,10200603,,Point,External Combustion,Industrial: Boilers,Natural Gas,< 10 Million BTU/hr,"Fuel Comb - Industrial Boilers, ICEs - Natural Gas",ExComb Ind NatGas <10MillionBTU/hr,Active,2,Fuel Comb. Industrial,3,Gas,1,Natural,110018125456.0,18540-29-9
2670411,Chromium (VI),air,0.0037901225893223,kg,2.0,31000404,SCC,NEI,Natural Gas Pipeline Co,RR 2 Box 142b,St Elmo,2011,IL,62458,39.1019,-88.85949999999998,Fayette,486210,,31000404,,Point,Industrial Processes,Oil and Gas Production,Process Heaters,Natural Gas,Industrial Processes - Oil & Gas Production,O&G Prod ProcHeaters NatGas,Active,2,Fuel Comb. Industrial,3,Gas,1,Natural,110018125456.0,18540-29-9
2670411,Chromium III,air,0.05193451199552,kg,2.0,10200602,SCC,NEI,Natural Gas Pipeline Co,RR 2 Box 142b,St Elmo,2011,IL,62458,39.1019,-88.85949999999998,Fayette,486210,,10200602,,Point,External Combustion,Industrial: Boilers,Natural Gas,10-100 Million BTU/hr,"Fuel Comb - Industrial Boilers, ICEs - Natural Gas",ExComb Ind NatGas 10-100MillionBTU/hr,Active,2,Fuel Comb. Industrial,3,Gas,1,Natural,110018125456.0,
2670411,Chromium III,air,0.030666745106382,kg,2.0,10200603,SCC,NEI,Natural Gas Pipeline Co,RR 2 Box 142b,St Elmo,2011,IL,62458,39.1019,-88.85949999999998,Fayette,486210,,10200603,,Point,External Combustion,Industrial: Boilers,Natural Gas,< 10 Million BTU/hr,"Fuel Comb - Industrial Boilers, ICEs - Natural Gas",ExComb Ind NatGas <10MillionBTU/hr,Active,2,Fuel Comb. Industrial,3,Gas,1,Natural,110018125456.0,
2670411,Chromium III,air,0.090962869568956,kg,2.0,31000404,SCC,NEI,Natural Gas Pipeline Co,RR 2 Box 142b,St Elmo,2011,IL,62458,39.1019,-88.85949999999998,Fayette,486210,,31000404,,Point,Industrial Processes,Oil and Gas Production,Process Heaters,Natural Gas,Industrial Processes - Oil & Gas Production,O&G Prod ProcHeaters NatGas,Active,2,Fuel Comb. Industrial,3,Gas,1,Natural,110018125456.0,
2670411,Chrysene,air,6.955512407443601e-05,kg,2.0,10200602,SCC,NEI,Natural Gas Pipeline Co,RR 2 Box 142b,St Elmo,2011,IL,62458,39.1019,-88.85949999999998,Fayette,486210,,10200602,,Point,External Combustion,Industrial: Boilers,Natural Gas,10-100 Million BTU/hr,"Fuel Comb - Industrial Boilers, ICEs - Natural Gas",ExComb Ind NatGas 10-100MillionBTU/hr,Active,2,Fuel Comb. Industrial,3,Gas,1,Natural,110018125456.0,218-01-9
2670411,Chrysene,air,4.1071519044864e-05,kg,2.0,10200603,SCC,NEI,Natural Gas Pipeline Co,RR 2 Box 142b,St Elmo,2011,IL,62458,39.1019,-88.85949999999998,Fayette,486210,,10200603,,Point,External Combustion,Industrial: Boilers,Natural Gas,< 10 Million BTU/hr,"Fuel Comb - Industrial Boilers, ICEs - Natural Gas",ExComb Ind NatGas <10MillionBTU/hr,Active,2,Fuel Comb. Industrial,3,Gas,1,Natural,110018125456.0,218-01-9
2670411,Chrysene,air,0.0001218253851422,kg,2.0,31000404,SCC,NEI,Natural Gas Pipeline Co,RR 2 Box 142b,St Elmo,2011,IL,62458,39.1019,-88.85949999999998,Fayette,486210,,31000404,,Point,Industrial Processes,Oil and Gas Production,Process Heaters,Natural Gas,Industrial Processes - Oil & Gas Production,O&G Prod ProcHeaters NatGas,Active,2,Fuel Comb. Industrial,3,Gas,1,Natural,110018125456.0,218-01-9
2670411,Cobalt,air,0.00324590699972,kg,2.0,10200602,SCC,NEI,Natural Gas Pipeline Co,RR 2 Box 142b,St Elmo,2011,IL,62458,39.1019,-88.85949999999998,Fayette,486210,,10200602,,Point,External Combustion,Industrial: Boilers,Natural Gas,10-100 Million BTU/hr,"Fuel Comb - Industrial Boilers, ICEs - Natural Gas",ExComb Ind NatGas 10-100MillionBTU/hr,Active,2,Fuel Comb. Industrial,3,Gas,1,Natural,110018125456.0,7440-48-4
2670411,Cobalt,air,0.0019166681672061,kg,2.0,10200603,SCC,NEI,Natural Gas Pipeline Co,RR 2 Box 142b,St Elmo,2011,IL,62458,39.1019,-88.85949999999998,Fayette,486210,,10200603,,Point,External Combustion,Industrial: Boilers,Natural Gas,< 10 Million BTU/hr,"Fuel Comb - Industrial Boilers, ICEs - Natural Gas",ExComb Ind NatGas <10MillionBTU/hr,Active,2,Fuel Comb. Industrial,3,Gas,1,Natural,110018125456.0,7440-48-4
2670411,Cobalt,air,0.0056851725441742,kg,2.0,31000404,SCC,NEI,Natural Gas Pipeline Co,RR 2 Box 142b,St Elmo,2011,IL,62458,39.1019,-88.85949999999998,Fayette,486210,,31000404,,Point,Industrial Processes,Oil and Gas Production,Process Heaters,Natural Gas,Industrial Processes - Oil & Gas Production,O&G Prod ProcHeaters NatGas,Active,2,Fuel Comb. Industrial,3,Gas,1,Natural,110018125456.0,7440-48-4
2670411,Cyanide,air,0.63415932783434,kg,2.0,20200202,SCC,NEI,Natural Gas Pipeline Co,RR 2 Box 142b,St Elmo,2011,IL,62458,39.1019,-88.85949999999998,Fayette,486210,,20200202,,Point,Internal Combustion Engines,Industrial,Natural Gas,Reciprocating,"Fuel Comb - Industrial Boilers, ICEs - Natural Gas",ICE Ind NatGas Recip,Active,2,Fuel Comb. Industrial,5,Internal Combustion,99,Other,110018125456.0,57-12-5
2670411,"Dibenzo[a,h]Anthracene",air,4.6370022237308e-05,kg,2.0,10200602,SCC,NEI,Natural Gas Pipeline Co,RR 2 Box 142b,St Elmo,2011,IL,62458,39.1019,-88.85949999999998,Fayette,486210,,10200602,,Point,External Combustion,Industrial: Boilers,Natural Gas,10-100 Million BTU/hr,"Fuel Comb - Industrial Boilers, ICEs - Natural Gas",ExComb Ind NatGas 10-100MillionBTU/hr,Active,2,Fuel Comb. Industrial,3,Gas,1,Natural,110018125456.0,56-56-4
2670411,"Dibenzo[a,h]Anthracene",air,2.7381012696576003e-05,kg,2.0,10200603,SCC,NEI,Natural Gas Pipeline Co,RR 2 Box 142b,St Elmo,2011,IL,62458,39.1019,-88.85949999999998,Fayette,486210,,10200603,,Point,External Combustion,Industrial: Boilers,Natural Gas,< 10 Million BTU/hr,"Fuel Comb - Industrial Boilers, ICEs - Natural Gas",ExComb Ind NatGas <10MillionBTU/hr,Active,2,Fuel Comb. Industrial,3,Gas,1,Natural,110018125456.0,56-56-4
2670411,"Dibenzo[a,h]Anthracene",air,8.1216893188662e-05,kg,2.0,31000404,SCC,NEI,Natural Gas Pipeline Co,RR 2 Box 142b,St Elmo,2011,IL,62458,39.1019,-88.85949999999998,Fayette,486210,,31000404,,Point,Industrial Processes,Oil and Gas Production,Process Heaters,Natural Gas,Industrial Processes - Oil & Gas Production,O&G Prod ProcHeaters NatGas,Active,2,Fuel Comb. Industrial,3,Gas,1,Natural,110018125456.0,56-56-4
2670411,Ethylene Dibromide,air,2.4406716808012e-05,kg,2.0,40600302,SCC,NEI,Natural Gas Pipeline Co,RR 2 Box 142b,St Elmo,2011,IL,62458,39.1019,-88.85949999999998,Fayette,486210,,40600302,,Point,Chemical Evaporation,Transportation and Marketing of Petroleum Products,Gasoline Retail Operations - Stage I,Submerged Filling,Gas Stations,Evap PetrolProd GasolineRetailOpsStage1 SeeSCCLev4,Active,9,Storage & Transport,4,Service Stations: Stage I,99,Other,110018125456.0,624-61-3
2670411,Ethylene Dichloride,air,0.0002504836857461,kg,2.0,40600302,SCC,NEI,Natural Gas Pipeline Co,RR 2 Box 142b,St Elmo,2011,IL,62458,39.1019,-88.85949999999998,Fayette,486210,,40600302,,Point,Chemical Evaporation,Transportation and Marketing of Petroleum Products,Gasoline Retail Operations - Stage I,Submerged Filling,Gas Stations,Evap PetrolProd GasolineRetailOpsStage1 SeeSCCLev4,Active,9,Storage & Transport,4,Service Stations: Stage I,99,Other,110018125456.0,107-06-2
2670411,Fluoranthene,air,0.0001159255091856,kg,2.0,10200602,SCC,NEI,Natural Gas Pipeline Co,RR 2 Box 142b,St Elmo,2011,IL,62458,39.1019,-88.85949999999998,Fayette,486210,,10200602,,Point,External Combustion,Industrial: Boilers,Natural Gas,10-100 Million BTU/hr,"Fuel Comb - Industrial Boilers, ICEs - Natural Gas",ExComb Ind NatGas 10-100MillionBTU/hr,Active,2,Fuel Comb. Industrial,3,Gas,1,Natural,110018125456.0,76774-50-0
2670411,Fluoranthene,air,6.845253174144e-05,kg,2.0,10200603,SCC,NEI,Natural Gas Pipeline Co,RR 2 Box 142b,St Elmo,2011,IL,62458,39.1019,-88.85949999999998,Fayette,486210,,10200603,,Point,External Combustion,Industrial: Boilers,Natural Gas,< 10 Million BTU/hr,"Fuel Comb - Industrial Boilers, ICEs - Natural Gas",ExComb Ind NatGas <10MillionBTU/hr,Active,2,Fuel Comb. Industrial,3,Gas,1,Natural,110018125456.0,76774-50-0
2670411,Fluoranthene,air,0.0002030419154569,kg,2.0,31000404,SCC,NEI,Natural Gas Pipeline Co,RR 2 Box 142b,St Elmo,2011,IL,62458,39.1019,-88.85949999999998,Fayette,486210,,31000404,,Point,Industrial Processes,Oil and Gas Production,Process Heaters,Natural Gas,Industrial Processes - Oil & Gas Production,O&G Prod ProcHeaters NatGas,Active,2,Fuel Comb. Industrial,3,Gas,1,Natural,110018125456.0,76774-50-0
2670411,Fluorene,air,0.0001081972023855,kg,2.0,10200602,SCC,NEI,Natural Gas Pipeline Co,RR 2 Box 142b,St Elmo,2011,IL,62458,39.1019,-88.85949999999998,Fayette,486210,,10200602,,Point,External Combustion,Industrial: Boilers,Natural Gas,10-100 Million BTU/hr,"Fuel Comb - Industrial Boilers, ICEs - Natural Gas",ExComb Ind NatGas 10-100MillionBTU/hr,Active,2,Fuel Comb. Industrial,3,Gas,1,Natural,110018125456.0,2299-68-5
2670411,Fluorene,air,6.3889029625344e-05,kg,2.0,10200603,SCC,NEI,Natural Gas Pipeline Co,RR 2 Box 142b,St Elmo,2011,IL,62458,39.1019,-88.85949999999998,Fayette,486210,,10200603,,Point,External Combustion,Industrial: Boilers,Natural Gas,< 10 Million BTU/hr,"Fuel Comb - Industrial Boilers, ICEs - Natural Gas",ExComb Ind NatGas <10MillionBTU/hr,Active,2,Fuel Comb. Industrial,3,Gas,1,Natural,110018125456.0,2299-68-5
2670411,Fluorene,air,0.0001895061748253,kg,2.0,31000404,SCC,NEI,Natural Gas Pipeline Co,RR 2 Box 142b,St Elmo,2011,IL,62458,39.1019,-88.85949999999998,Fayette,486210,,31000404,,Point,Industrial Processes,Oil and Gas Production,Process Heaters,Natural Gas,Industrial Processes - Oil & Gas Production,O&G Prod ProcHeaters NatGas,Active,2,Fuel Comb. Industrial,3,Gas,1,Natural,110018125456.0,2299-68-5
2670411,Formaldehyde,air,2.8981286577936,kg,2.0,10200602,SCC,NEI,Natural Gas Pipeline Co,RR 2 Box 142b,St Elmo,2011,IL,62458,39.1019,-88.85949999999998,Fayette,486210,,10200602,,Point,External Combustion,Industrial: Boilers,Natural Gas,10-100 Million BTU/hr,"Fuel Comb - Industrial Boilers, ICEs - Natural Gas",ExComb Ind NatGas 10-100MillionBTU/hr,Active,2,Fuel Comb. Industrial,3,Gas,1,Natural,110018125456.0,50-00-0
2670411,Formaldehyde,air,1.7113132935360005,kg,2.0,10200603,SCC,NEI,Natural Gas Pipeline Co,RR 2 Box 142b,St Elmo,2011,IL,62458,39.1019,-88.85949999999998,Fayette,486210,,10200603,,Point,External Combustion,Industrial: Boilers,Natural Gas,< 10 Million BTU/hr,"Fuel Comb - Industrial Boilers, ICEs - Natural Gas",ExComb Ind NatGas <10MillionBTU/hr,Active,2,Fuel Comb. Industrial,3,Gas,1,Natural,110018125456.0,50-00-0
2670411,Formaldehyde,air,1.90859603738958,kg,2.0,31000404,SCC,NEI,Natural Gas Pipeline Co,RR 2 Box 142b,St Elmo,2011,IL,62458,39.1019,-88.85949999999998,Fayette,486210,,31000404,,Point,Industrial Processes,Oil and Gas Production,Process Heaters,Natural Gas,Industrial Processes - Oil & Gas Production,O&G Prod ProcHeaters NatGas,Active,2,Fuel Comb. Industrial,3,Gas,1,Natural,110018125456.0,50-00-0
2670411,Hexane,air,69.55512407443601,kg,2.0,10200602,SCC,NEI,Natural Gas Pipeline Co,RR 2 Box 142b,St Elmo,2011,IL,62458,39.1019,-88.85949999999998,Fayette,486210,,10200602,,Point,External Combustion,Industrial: Boilers,Natural Gas,10-100 Million BTU/hr,"Fuel Comb - Industrial Boilers, ICEs - Natural Gas",ExComb Ind NatGas 10-100MillionBTU/hr,Active,2,Fuel Comb. Industrial,3,Gas,1,Natural,110018125456.0,92112-69-1
2670411,Hexane,air,41.071519044864,kg,2.0,10200603,SCC,NEI,Natural Gas Pipeline Co,RR 2 Box 142b,St Elmo,2011,IL,62458,39.1019,-88.85949999999998,Fayette,486210,,10200603,,Point,External Combustion,Industrial: Boilers,Natural Gas,< 10 Million BTU/hr,"Fuel Comb - Industrial Boilers, ICEs - Natural Gas",ExComb Ind NatGas <10MillionBTU/hr,Active,2,Fuel Comb. Industrial,3,Gas,1,Natural,110018125456.0,92112-69-1
2670411,Hexane,air,121.825294423756,kg,2.0,31000404,SCC,NEI,Natural Gas Pipeline Co,RR 2 Box 142b,St Elmo,2011,IL,62458,39.1019,-88.85949999999998,Fayette,486210,,31000404,,Point,Industrial Processes,Oil and Gas Production,Process Heaters,Natural Gas,Industrial Processes - Oil & Gas Production,O&G Prod ProcHeaters NatGas,Active,2,Fuel Comb. Industrial,3,Gas,1,Natural,110018125456.0,92112-69-1
2670411,Hydrogen Sulfide,air,689.4604024,kg,2.0,49099998,SCC,NEI,Natural Gas Pipeline Co,RR 2 Box 142b,St Elmo,2011,IL,62458,39.1019,-88.85949999999998,Fayette,486210,,49099998,,Point,Chemical Evaporation,Organic Solvent Evaporation,Miscellaneous Volatile Organic Compound Evaporation,Miscellaneous,Solvent - Industrial Surface Coating & Solvent Use,Evap OrgSolvEvap MiscVOCEvap Misc,Active,8,Solvent Utilization,5,Other Industrial,99,Other,110018125456.0,11144-15-3
2670411,"Indeno[1,2,3-c,d]Pyrene",air,6.955512407443601e-05,kg,2.0,10200602,SCC,NEI,Natural Gas Pipeline Co,RR 2 Box 142b,St Elmo,2011,IL,62458,39.1019,-88.85949999999998,Fayette,486210,,10200602,,Point,External Combustion,Industrial: Boilers,Natural Gas,10-100 Million BTU/hr,"Fuel Comb - Industrial Boilers, ICEs - Natural Gas",ExComb Ind NatGas 10-100MillionBTU/hr,Active,2,Fuel Comb. Industrial,3,Gas,1,Natural,110018125456.0,
2670411,"Indeno[1,2,3-c,d]Pyrene",air,4.1071519044864e-05,kg,2.0,10200603,SCC,NEI,Natural Gas Pipeline Co,RR 2 Box 142b,St Elmo,2011,IL,62458,39.1019,-88.85949999999998,Fayette,486210,,10200603,,Point,External Combustion,Industrial: Boilers,Natural Gas,< 10 Million BTU/hr,"Fuel Comb - Industrial Boilers, ICEs - Natural Gas",ExComb Ind NatGas <10MillionBTU/hr,Active,2,Fuel Comb. Industrial,3,Gas,1,Natural,110018125456.0,
2670411,"Indeno[1,2,3-c,d]Pyrene",air,0.0001218253851422,kg,2.0,31000404,SCC,NEI,Natural Gas Pipeline Co,RR 2 Box 142b,St Elmo,2011,IL,62458,39.1019,-88.85949999999998,Fayette,486210,,31000404,,Point,Industrial Processes,Oil and Gas Production,Process Heaters,Natural Gas,Industrial Processes - Oil & Gas Production,O&G Prod ProcHeaters NatGas,Active,2,Fuel Comb. Industrial,3,Gas,1,Natural,110018125456.0,
2670411,Lead,air,0.019320857718624,kg,2.0,10200602,SCC,NEI,Natural Gas Pipeline Co,RR 2 Box 142b,St Elmo,2011,IL,62458,39.1019,-88.85949999999998,Fayette,486210,,10200602,,Point,External Combustion,Industrial: Boilers,Natural Gas,10-100 Million BTU/hr,"Fuel Comb - Industrial Boilers, ICEs - Natural Gas",ExComb Ind NatGas 10-100MillionBTU/hr,Active,2,Fuel Comb. Industrial,3,Gas,1,Natural,110018125456.0,15875-18-0
2670411,Lead,air,0.01140875529024,kg,2.0,10200603,SCC,NEI,Natural Gas Pipeline Co,RR 2 Box 142b,St Elmo,2011,IL,62458,39.1019,-88.85949999999998,Fayette,486210,,10200603,,Point,External Combustion,Industrial: Boilers,Natural Gas,< 10 Million BTU/hr,"Fuel Comb - Industrial Boilers, ICEs - Natural Gas",ExComb Ind NatGas <10MillionBTU/hr,Active,2,Fuel Comb. Industrial,3,Gas,1,Natural,110018125456.0,15875-18-0
2670411,Lead,air,0.033840349482324,kg,2.0,31000404,SCC,NEI,Natural Gas Pipeline Co,RR 2 Box 142b,St Elmo,2011,IL,62458,39.1019,-88.85949999999998,Fayette,486210,,31000404,,Point,Industrial Processes,Oil and Gas Production,Process Heaters,Natural Gas,Industrial Processes - Oil & Gas Production,O&G Prod ProcHeaters NatGas,Active,2,Fuel Comb. Industrial,3,Gas,1,Natural,110018125456.0,15875-18-0
2670411,Manganese,air,0.014683873638588,kg,2.0,10200602,SCC,NEI,Natural Gas Pipeline Co,RR 2 Box 142b,St Elmo,2011,IL,62458,39.1019,-88.85949999999998,Fayette,486210,,10200602,,Point,External Combustion,Industrial: Boilers,Natural Gas,10-100 Million BTU/hr,"Fuel Comb - Industrial Boilers, ICEs - Natural Gas",ExComb Ind NatGas 10-100MillionBTU/hr,Active,2,Fuel Comb. Industrial,3,Gas,1,Natural,110018125456.0,22325-60-6
2670411,Manganese,air,0.008670644948735,kg,2.0,10200603,SCC,NEI,Natural Gas Pipeline Co,RR 2 Box 142b,St Elmo,2011,IL,62458,39.1019,-88.85949999999998,Fayette,486210,,10200603,,Point,External Combustion,Industrial: Boilers,Natural Gas,< 10 Million BTU/hr,"Fuel Comb - Industrial Boilers, ICEs - Natural Gas",ExComb Ind NatGas <10MillionBTU/hr,Active,2,Fuel Comb. Industrial,3,Gas,1,Natural,110018125456.0,22325-60-6
2670411,Manganese,air,0.56494793605789,kg,2.0,20200202,SCC,NEI,Natural Gas Pipeline Co,RR 2 Box 142b,St Elmo,2011,IL,62458,39.1019,-88.85949999999998,Fayette,486210,,20200202,,Point,Internal Combustion Engines,Industrial,Natural Gas,Reciprocating,"Fuel Comb - Industrial Boilers, ICEs - Natural Gas",ICE Ind NatGas Recip,Active,2,Fuel Comb. Industrial,5,Internal Combustion,99,Other,110018125456.0,22325-60-6
2670411,Manganese,air,0.025718778097474,kg,2.0,31000404,SCC,NEI,Natural Gas Pipeline Co,RR 2 Box 142b,St Elmo,2011,IL,62458,39.1019,-88.85949999999998,Fayette,486210,,31000404,,Point,Industrial Processes,Oil and Gas Production,Process Heaters,Natural Gas,Industrial Processes - Oil & Gas Production,O&G Prod ProcHeaters NatGas,Active,2,Fuel Comb. Industrial,3,Gas,1,Natural,110018125456.0,22325-60-6
2670411,Mercury,air,0.010046889558552,kg,2.0,10200602,SCC,NEI,Natural Gas Pipeline Co,RR 2 Box 142b,St Elmo,2011,IL,62458,39.1019,-88.85949999999998,Fayette,486210,,10200602,,Point,External Combustion,Industrial: Boilers,Natural Gas,10-100 Million BTU/hr,"Fuel Comb - Industrial Boilers, ICEs - Natural Gas",ExComb Ind NatGas 10-100MillionBTU/hr,Active,2,Fuel Comb. Industrial,3,Gas,1,Natural,110018125456.0,7439-97-6
2670411,Mercury,air,0.0059325527509248,kg,2.0,10200603,SCC,NEI,Natural Gas Pipeline Co,RR 2 Box 142b,St Elmo,2011,IL,62458,39.1019,-88.85949999999998,Fayette,486210,,10200603,,Point,External Combustion,Industrial: Boilers,Natural Gas,< 10 Million BTU/hr,"Fuel Comb - Industrial Boilers, ICEs - Natural Gas",ExComb Ind NatGas <10MillionBTU/hr,Active,2,Fuel Comb. Industrial,3,Gas,1,Natural,110018125456.0,7439-97-6
2670411,Mercury,air,0.7746296273454201,kg,2.0,20200202,SCC,NEI,Natural Gas Pipeline Co,RR 2 Box 142b,St Elmo,2011,IL,62458,39.1019,-88.85949999999998,Fayette,486210,,20200202,,Point,Internal Combustion Engines,Industrial,Natural Gas,Reciprocating,"Fuel Comb - Industrial Boilers, ICEs - Natural Gas",ICE Ind NatGas Recip,Active,2,Fuel Comb. Industrial,5,Internal Combustion,99,Other,110018125456.0,7439-97-6
2670411,Mercury,air,0.0175969889882863,kg,2.0,31000404,SCC,NEI,Natural Gas Pipeline Co,RR 2 Box 142b,St Elmo,2011,IL,62458,39.1019,-88.85949999999998,Fayette,486210,,31000404,,Point,Industrial Processes,Oil and Gas Production,Process Heaters,Natural Gas,Industrial Processes - Oil & Gas Production,O&G Prod ProcHeaters NatGas,Active,2,Fuel Comb. Industrial,3,Gas,1,Natural,110018125456.0,7439-97-6
2670411,Methanol,air,54.4310844,kg,2.0,40700815,SCC,NEI,Natural Gas Pipeline Co,RR 2 Box 142b,St Elmo,2011,IL,62458,39.1019,-88.85949999999998,Fayette,486210,,40700815,,Point,Chemical Evaporation,Organic Chemical Storage,Fixed Roof Tanks - Alcohols,Methanol: Breathing Loss,Industrial Processes - Storage and Transfer,Evap OrgChemStor FixdRoofTnksAlcohols SeeSCCLev4,Active,9,Storage & Transport,7,Organic Chemical Storage,99,Other,110018125456.0,54841-71-3
2670411,Naphthalene,air,0.02357138109942,kg,2.0,10200602,SCC,NEI,Natural Gas Pipeline Co,RR 2 Box 142b,St Elmo,2011,IL,62458,39.1019,-88.85949999999998,Fayette,486210,,10200602,,Point,External Combustion,Industrial: Boilers,Natural Gas,10-100 Million BTU/hr,"Fuel Comb - Industrial Boilers, ICEs - Natural Gas",ExComb Ind NatGas 10-100MillionBTU/hr,Active,2,Fuel Comb. Industrial,3,Gas,1,Natural,110018125456.0,72931-45-4
2670411,Naphthalene,air,0.013918663310398,kg,2.0,10200603,SCC,NEI,Natural Gas Pipeline Co,RR 2 Box 142b,St Elmo,2011,IL,62458,39.1019,-88.85949999999998,Fayette,486210,,10200603,,Point,External Combustion,Industrial: Boilers,Natural Gas,< 10 Million BTU/hr,"Fuel Comb - Industrial Boilers, ICEs - Natural Gas",ExComb Ind NatGas <10MillionBTU/hr,Active,2,Fuel Comb. Industrial,3,Gas,1,Natural,110018125456.0,72931-45-4
2670411,Naphthalene,air,0.041285251769608,kg,2.0,31000404,SCC,NEI,Natural Gas Pipeline Co,RR 2 Box 142b,St Elmo,2011,IL,62458,39.1019,-88.85949999999998,Fayette,486210,,31000404,,Point,Industrial Processes,Oil and Gas Production,Process Heaters,Natural Gas,Industrial Processes - Oil & Gas Production,O&G Prod ProcHeaters NatGas,Active,2,Fuel Comb. Industrial,3,Gas,1,Natural,110018125456.0,72931-45-4
2670411,Nickel,air,0.081147493556052,kg,2.0,10200602,SCC,NEI,Natural Gas Pipeline Co,RR 2 Box 142b,St Elmo,2011,IL,62458,39.1019,-88.85949999999998,Fayette,486210,,10200602,,Point,External Combustion,Industrial: Boilers,Natural Gas,10-100 Million BTU/hr,"Fuel Comb - Industrial Boilers, ICEs - Natural Gas",ExComb Ind NatGas 10-100MillionBTU/hr,Active,2,Fuel Comb. Industrial,3,Gas,1,Natural,110018125456.0,21595-53-9
2670411,Nickel,air,0.047916862937482,kg,2.0,10200603,SCC,NEI,Natural Gas Pipeline Co,RR 2 Box 142b,St Elmo,2011,IL,62458,39.1019,-88.85949999999998,Fayette,486210,,10200603,,Point,External Combustion,Industrial: Boilers,Natural Gas,< 10 Million BTU/hr,"Fuel Comb - Industrial Boilers, ICEs - Natural Gas",ExComb Ind NatGas <10MillionBTU/hr,Active,2,Fuel Comb. Industrial,3,Gas,1,Natural,110018125456.0,21595-53-9
2670411,Nickel,air,0.142129721837488,kg,2.0,31000404,SCC,NEI,Natural Gas Pipeline Co,RR 2 Box 142b,St Elmo,2011,IL,62458,39.1019,-88.85949999999998,Fayette,486210,,31000404,,Point,Industrial Processes,Oil and Gas Production,Process Heaters,Natural Gas,Industrial Processes - Oil & Gas Production,O&G Prod ProcHeaters NatGas,Active,2,Fuel Comb. Industrial,3,Gas,1,Natural,110018125456.0,21595-53-9
2670411,Nitrogen Oxides,air,3864.6069924,kg,2.0,10200602,SCC,NEI,Natural Gas Pipeline Co,RR 2 Box 142b,St Elmo,2011,IL,62458,39.1019,-88.85949999999998,Fayette,486210,,10200602,,Point,External Combustion,Industrial: Boilers,Natural Gas,10-100 Million BTU/hr,"Fuel Comb - Industrial Boilers, ICEs - Natural Gas",ExComb Ind NatGas 10-100MillionBTU/hr,Active,2,Fuel Comb. Industrial,3,Gas,1,Natural,110018125456.0,
2670411,Nitrogen Oxides,air,2286.1055448,kg,2.0,10200603,SCC,NEI,Natural Gas Pipeline Co,RR 2 Box 142b,St Elmo,2011,IL,62458,39.1019,-88.85949999999998,Fayette,486210,,10200603,,Point,External Combustion,Industrial: Boilers,Natural Gas,< 10 Million BTU/hr,"Fuel Comb - Industrial Boilers, ICEs - Natural Gas",ExComb Ind NatGas <10MillionBTU/hr,Active,2,Fuel Comb. Industrial,3,Gas,1,Natural,110018125456.0,
2670411,Nitrogen Oxides,air,168709.1460978,kg,1.9251492176157443,20200202,SCC,NEI,Natural Gas Pipeline Co,RR 2 Box 142b,St Elmo,2011,IL,62458,39.1019,-88.85949999999998,Fayette,486210,,20200202,,Point,Internal Combustion Engines,Industrial,Natural Gas,Reciprocating,"Fuel Comb - Industrial Boilers, ICEs - Natural Gas",ICE Ind NatGas Recip,Active,2,Fuel Comb. Industrial,5,Internal Combustion,99,Other,110018125456.0,
2670411,Nitrogen Oxides,air,5760.623099,kg,2.0,31000404,SCC,NEI,Natural Gas Pipeline Co,RR 2 Box 142b,St Elmo,2011,IL,62458,39.1019,-88.85949999999998,Fayette,486210,,31000404,,Point,Industrial Processes,Oil and Gas Production,Process Heaters,Natural Gas,Industrial Processes - Oil & Gas Production,O&G Prod ProcHeaters NatGas,Active,2,Fuel Comb. Industrial,3,Gas,1,Natural,110018125456.0,
2670411,PM10 Primary (Filt + Cond),air,290.29911680000004,kg,2.0,10200602,SCC,NEI,Natural Gas Pipeline Co,RR 2 Box 142b,St Elmo,2011,IL,62458,39.1019,-88.85949999999998,Fayette,486210,,10200602,,Point,External Combustion,Industrial: Boilers,Natural Gas,10-100 Million BTU/hr,"Fuel Comb - Industrial Boilers, ICEs - Natural Gas",ExComb Ind NatGas 10-100MillionBTU/hr,Active,2,Fuel Comb. Industrial,3,Gas,1,Natural,110018125456.0,
2670411,PM10 Primary (Filt + Cond),air,181.436948,kg,2.0,10200603,SCC,NEI,Natural Gas Pipeline Co,RR 2 Box 142b,St Elmo,2011,IL,62458,39.1019,-88.85949999999998,Fayette,486210,,10200603,,Point,External Combustion,Industrial: Boilers,Natural Gas,< 10 Million BTU/hr,"Fuel Comb - Industrial Boilers, ICEs - Natural Gas",ExComb Ind NatGas <10MillionBTU/hr,Active,2,Fuel Comb. Industrial,3,Gas,1,Natural,110018125456.0,
2670411,PM10 Primary (Filt + Cond),air,2639.9075934,kg,2.0,20200202,SCC,NEI,Natural Gas Pipeline Co,RR 2 Box 142b,St Elmo,2011,IL,62458,39.1019,-88.85949999999998,Fayette,486210,,20200202,,Point,Internal Combustion Engines,Industrial,Natural Gas,Reciprocating,"Fuel Comb - Industrial Boilers, ICEs - Natural Gas",ICE Ind NatGas Recip,Active,2,Fuel Comb. Industrial,5,Internal Combustion,99,Other,110018125456.0,
2670411,PM10 Primary (Filt + Cond),air,435.4486752,kg,2.0,31000404,SCC,NEI,Natural Gas Pipeline Co,RR 2 Box 142b,St Elmo,2011,IL,62458,39.1019,-88.85949999999998,Fayette,486210,,31000404,,Point,Industrial Processes,Oil and Gas Production,Process Heaters,Natural Gas,Industrial Processes - Oil & Gas Production,O&G Prod ProcHeaters NatGas,Active,2,Fuel Comb. Industrial,3,Gas,1,Natural,110018125456.0,
2670411,PM2.5 Primary (Filt + Cond),air,290.29911680000004,kg,2.0,10200602,SCC,NEI,Natural Gas Pipeline Co,RR 2 Box 142b,St Elmo,2011,IL,62458,39.1019,-88.85949999999998,Fayette,486210,,10200602,,Point,External Combustion,Industrial: Boilers,Natural Gas,10-100 Million BTU/hr,"Fuel Comb - Industrial Boilers, ICEs - Natural Gas",ExComb Ind NatGas 10-100MillionBTU/hr,Active,2,Fuel Comb. Industrial,3,Gas,1,Natural,110018125456.0,
2670411,PM2.5 Primary (Filt + Cond),air,181.436948,kg,2.0,10200603,SCC,NEI,Natural Gas Pipeline Co,RR 2 Box 142b,St Elmo,2011,IL,62458,39.1019,-88.85949999999998,Fayette,486210,,10200603,,Point,External Combustion,Industrial: Boilers,Natural Gas,< 10 Million BTU/hr,"Fuel Comb - Industrial Boilers, ICEs - Natural Gas",ExComb Ind NatGas <10MillionBTU/hr,Active,2,Fuel Comb. Industrial,3,Gas,1,Natural,110018125456.0,
2670411,PM2.5 Primary (Filt + Cond),air,2639.9075934,kg,2.0,20200202,SCC,NEI,Natural Gas Pipeline Co,RR 2 Box 142b,St Elmo,2011,IL,62458,39.1019,-88.85949999999998,Fayette,486210,,20200202,,Point,Internal Combustion Engines,Industrial,Natural Gas,Reciprocating,"Fuel Comb - Industrial Boilers, ICEs - Natural Gas",ICE Ind NatGas Recip,Active,2,Fuel Comb. Industrial,5,Internal Combustion,99,Other,110018125456.0,
2670411,PM2.5 Primary (Filt + Cond),air,435.4486752,kg,2.0,31000404,SCC,NEI,Natural Gas Pipeline Co,RR 2 Box 142b,St Elmo,2011,IL,62458,39.1019,-88.85949999999998,Fayette,486210,,31000404,,Point,Industrial Processes,Oil and Gas Production,Process Heaters,Natural Gas,Industrial Processes - Oil & Gas Production,O&G Prod ProcHeaters NatGas,Active,2,Fuel Comb. Industrial,3,Gas,1,Natural,110018125456.0,
2670411,Phenanthrene,air,0.0006569087995593,kg,2.0,10200602,SCC,NEI,Natural Gas Pipeline Co,RR 2 Box 142b,St Elmo,2011,IL,62458,39.1019,-88.85949999999998,Fayette,486210,,10200602,,Point,External Combustion,Industrial: Boilers,Natural Gas,10-100 Million BTU/hr,"Fuel Comb - Industrial Boilers, ICEs - Natural Gas",ExComb Ind NatGas 10-100MillionBTU/hr,Active,2,Fuel Comb. Industrial,3,Gas,1,Natural,110018125456.0,85-01-8
2670411,Phenanthrene,air,0.0003878976798681,kg,2.0,10200603,SCC,NEI,Natural Gas Pipeline Co,RR 2 Box 142b,St Elmo,2011,IL,62458,39.1019,-88.85949999999998,Fayette,486210,,10200603,,Point,External Combustion,Industrial: Boilers,Natural Gas,< 10 Million BTU/hr,"Fuel Comb - Industrial Boilers, ICEs - Natural Gas",ExComb Ind NatGas <10MillionBTU/hr,Active,2,Fuel Comb. Industrial,3,Gas,1,Natural,110018125456.0,85-01-8
2670411,Phenanthrene,air,0.0011505724267098,kg,2.0,31000404,SCC,NEI,Natural Gas Pipeline Co,RR 2 Box 142b,St Elmo,2011,IL,62458,39.1019,-88.85949999999998,Fayette,486210,,31000404,,Point,Industrial Processes,Oil and Gas Production,Process Heaters,Natural Gas,Industrial Processes - Oil & Gas Production,O&G Prod ProcHeaters NatGas,Active,2,Fuel Comb. Industrial,3,Gas,1,Natural,110018125456.0,85-01-8
2670411,Phosphorus,air,0.6021787977874901,kg,2.0,20200202,SCC,NEI,Natural Gas Pipeline Co,RR 2 Box 142b,St Elmo,2011,IL,62458,39.1019,-88.85949999999998,Fayette,486210,,20200202,,Point,Internal Combustion Engines,Industrial,Natural Gas,Reciprocating,"Fuel Comb - Industrial Boilers, ICEs - Natural Gas",ICE Ind NatGas Recip,Active,2,Fuel Comb. Industrial,5,Internal Combustion,99,Other,110018125456.0,13967-14-1
2670411,Pyrene,air,0.0001932085771862,kg,2.0,10200602,SCC,NEI,Natural Gas Pipeline Co,RR 2 Box 142b,St Elmo,2011,IL,62458,39.1019,-88.85949999999998,Fayette,486210,,10200602,,Point,External Combustion,Industrial: Boilers,Natural Gas,10-100 Million BTU/hr,"Fuel Comb - Industrial Boilers, ICEs - Natural Gas",ExComb Ind NatGas 10-100MillionBTU/hr,Active,2,Fuel Comb. Industrial,3,Gas,1,Natural,110018125456.0,129-00-0
2670411,Pyrene,air,0.0001140875529024,kg,2.0,10200603,SCC,NEI,Natural Gas Pipeline Co,RR 2 Box 142b,St Elmo,2011,IL,62458,39.1019,-88.85949999999998,Fayette,486210,,10200603,,Point,External Combustion,Industrial: Boilers,Natural Gas,< 10 Million BTU/hr,"Fuel Comb - Industrial Boilers, ICEs - Natural Gas",ExComb Ind NatGas <10MillionBTU/hr,Active,2,Fuel Comb. Industrial,3,Gas,1,Natural,110018125456.0,129-00-0
2670411,Pyrene,air,0.0003384034948232,kg,2.0,31000404,SCC,NEI,Natural Gas Pipeline Co,RR 2 Box 142b,St Elmo,2011,IL,62458,39.1019,-88.85949999999998,Fayette,486210,,31000404,,Point,Industrial Processes,Oil and Gas Production,Process Heaters,Natural Gas,Industrial Processes - Oil & Gas Production,O&G Prod ProcHeaters NatGas,Active,2,Fuel Comb. Industrial,3,Gas,1,Natural,110018125456.0,129-00-0
2670411,Selenium,air,0.0009273968160072,kg,2.0,10200602,SCC,NEI,Natural Gas Pipeline Co,RR 2 Box 142b,St Elmo,2011,IL,62458,39.1019,-88.85949999999998,Fayette,486210,,10200602,,Point,External Combustion,Industrial: Boilers,Natural Gas,10-100 Million BTU/hr,"Fuel Comb - Industrial Boilers, ICEs - Natural Gas",ExComb Ind NatGas 10-100MillionBTU/hr,Active,2,Fuel Comb. Industrial,3,Gas,1,Natural,110018125456.0,7/5/83
2670411,Selenium,air,0.0005476202539315,kg,2.0,10200603,SCC,NEI,Natural Gas Pipeline Co,RR 2 Box 142b,St Elmo,2011,IL,62458,39.1019,-88.85949999999998,Fayette,486210,,10200603,,Point,External Combustion,Industrial: Boilers,Natural Gas,< 10 Million BTU/hr,"Fuel Comb - Industrial Boilers, ICEs - Natural Gas",ExComb Ind NatGas <10MillionBTU/hr,Active,2,Fuel Comb. Industrial,3,Gas,1,Natural,110018125456.0,7/5/83
2670411,Selenium,air,0.0016243360494037,kg,2.0,31000404,SCC,NEI,Natural Gas Pipeline Co,RR 2 Box 142b,St Elmo,2011,IL,62458,39.1019,-88.85949999999998,Fayette,486210,,31000404,,Point,Industrial Processes,Oil and Gas Production,Process Heaters,Natural Gas,Industrial Processes - Oil & Gas Production,O&G Prod ProcHeaters NatGas,Active,2,Fuel Comb. Industrial,3,Gas,1,Natural,110018125456.0,7/5/83
2670411,Sulfur Dioxide,air,18.1436948,kg,2.0,10200602,SCC,NEI,Natural Gas Pipeline Co,RR 2 Box 142b,St Elmo,2011,IL,62458,39.1019,-88.85949999999998,Fayette,486210,,10200602,,Point,External Combustion,Industrial: Boilers,Natural Gas,10-100 Million BTU/hr,"Fuel Comb - Industrial Boilers, ICEs - Natural Gas",ExComb Ind NatGas 10-100MillionBTU/hr,Active,2,Fuel Comb. Industrial,3,Gas,1,Natural,110018125456.0,12396-99-5
2670411,Sulfur Dioxide,air,13.6077711,kg,2.0,10200603,SCC,NEI,Natural Gas Pipeline Co,RR 2 Box 142b,St Elmo,2011,IL,62458,39.1019,-88.85949999999998,Fayette,486210,,10200603,,Point,External Combustion,Industrial: Boilers,Natural Gas,< 10 Million BTU/hr,"Fuel Comb - Industrial Boilers, ICEs - Natural Gas",ExComb Ind NatGas <10MillionBTU/hr,Active,2,Fuel Comb. Industrial,3,Gas,1,Natural,110018125456.0,12396-99-5
2670411,Sulfur Dioxide,air,44.45205226,kg,2.0,20200202,SCC,NEI,Natural Gas Pipeline Co,RR 2 Box 142b,St Elmo,2011,IL,62458,39.1019,-88.85949999999998,Fayette,486210,,20200202,,Point,Internal Combustion Engines,Industrial,Natural Gas,Reciprocating,"Fuel Comb - Industrial Boilers, ICEs - Natural Gas",ICE Ind NatGas Recip,Active,2,Fuel Comb. Industrial,5,Internal Combustion,99,Other,110018125456.0,12396-99-5
2670411,Sulfur Dioxide,air,305358.38348400005,kg,2.0,31000202,SCC,NEI,Natural Gas Pipeline Co,RR 2 Box 142b,St Elmo,2011,IL,62458,39.1019,-88.85949999999998,Fayette,486210,,31000202,,Point,Industrial Processes,Oil and Gas Production,Natural Gas Production,Gas Stripping Operations,Industrial Processes - Oil & Gas Production,O&G Prod NatGasProd GasStrippgOp,Active,6,Petroleum & Related Industries,1,Oil & Gas Production,1,Natural Gas,110018125456.0,12396-99-5
2670411,Sulfur Dioxide,air,34.47302012,kg,2.0,31000404,SCC,NEI,Natural Gas Pipeline Co,RR 2 Box 142b,St Elmo,2011,IL,62458,39.1019,-88.85949999999998,Fayette,486210,,31000404,,Point,Industrial Processes,Oil and Gas Production,Process Heaters,Natural Gas,Industrial Processes - Oil & Gas Production,O&G Prod ProcHeaters NatGas,Active,2,Fuel Comb. Industrial,3,Gas,1,Natural,110018125456.0,12396-99-5
2670411,Toluene,air,0.1313821227857599,kg,2.0,10200602,SCC,NEI,Natural Gas Pipeline Co,RR 2 Box 142b,St Elmo,2011,IL,62458,39.1019,-88.85949999999998,Fayette,486210,,10200602,,Point,External Combustion,Industrial: Boilers,Natural Gas,10-100 Million BTU/hr,"Fuel Comb - Industrial Boilers, ICEs - Natural Gas",ExComb Ind NatGas 10-100MillionBTU/hr,Active,2,Fuel Comb. Industrial,3,Gas,1,Natural,110018125456.0,8/4/01
2670411,Toluene,air,0.077579535973632,kg,2.0,10200603,SCC,NEI,Natural Gas Pipeline Co,RR 2 Box 142b,St Elmo,2011,IL,62458,39.1019,-88.85949999999998,Fayette,486210,,10200603,,Point,External Combustion,Industrial: Boilers,Natural Gas,< 10 Million BTU/hr,"Fuel Comb - Industrial Boilers, ICEs - Natural Gas",ExComb Ind NatGas <10MillionBTU/hr,Active,2,Fuel Comb. Industrial,3,Gas,1,Natural,110018125456.0,8/4/01
2670411,Toluene,air,0.230114394623498,kg,2.0,31000404,SCC,NEI,Natural Gas Pipeline Co,RR 2 Box 142b,St Elmo,2011,IL,62458,39.1019,-88.85949999999998,Fayette,486210,,31000404,,Point,Industrial Processes,Oil and Gas Production,Process Heaters,Natural Gas,Industrial Processes - Oil & Gas Production,O&G Prod ProcHeaters NatGas,Active,2,Fuel Comb. Industrial,3,Gas,1,Natural,110018125456.0,8/4/01
2670411,Toluene,air,0.19966773253504,kg,2.0,40600302,SCC,NEI,Natural Gas Pipeline Co,RR 2 Box 142b,St Elmo,2011,IL,62458,39.1019,-88.85949999999998,Fayette,486210,,40600302,,Point,Chemical Evaporation,Transportation and Marketing of Petroleum Products,Gasoline Retail Operations - Stage I,Submerged Filling,Gas Stations,Evap PetrolProd GasolineRetailOpsStage1 SeeSCCLev4,Active,9,Storage & Transport,4,Service Stations: Stage I,99,Other,110018125456.0,8/4/01
2670411,Volatile Organic Compounds,air,217.7243376,kg,2.0,10200602,SCC,NEI,Natural Gas Pipeline Co,RR 2 Box 142b,St Elmo,2011,IL,62458,39.1019,-88.85949999999998,Fayette,486210,,10200602,,Point,External Combustion,Industrial: Boilers,Natural Gas,10-100 Million BTU/hr,"Fuel Comb - Industrial Boilers, ICEs - Natural Gas",ExComb Ind NatGas 10-100MillionBTU/hr,Active,2,Fuel Comb. Industrial,3,Gas,1,Natural,110018125456.0,
2670411,Volatile Organic Compounds,air,127.0058636,kg,2.0,10200603,SCC,NEI,Natural Gas Pipeline Co,RR 2 Box 142b,St Elmo,2011,IL,62458,39.1019,-88.85949999999998,Fayette,486210,,10200603,,Point,External Combustion,Industrial: Boilers,Natural Gas,< 10 Million BTU/hr,"Fuel Comb - Industrial Boilers, ICEs - Natural Gas",ExComb Ind NatGas <10MillionBTU/hr,Active,2,Fuel Comb. Industrial,3,Gas,1,Natural,110018125456.0,
2670411,Volatile Organic Compounds,air,15712.4396968,kg,1.7638568129330254,20200202,SCC,NEI,Natural Gas Pipeline Co,RR 2 Box 142b,St Elmo,2011,IL,62458,39.1019,-88.85949999999998,Fayette,486210,,20200202,,Point,Internal Combustion Engines,Industrial,Natural Gas,Reciprocating,"Fuel Comb - Industrial Boilers, ICEs - Natural Gas",ICE Ind NatGas Recip,Active,2,Fuel Comb. Industrial,5,Internal Combustion,99,Other,110018125456.0,
2670411,Volatile Organic Compounds,air,326.5865064000001,kg,2.0,31000404,SCC,NEI,Natural Gas Pipeline Co,RR 2 Box 142b,St Elmo,2011,IL,62458,39.1019,-88.85949999999998,Fayette,486210,,31000404,,Point,Industrial Processes,Oil and Gas Production,Process Heaters,Natural Gas,Industrial Processes - Oil & Gas Production,O&G Prod ProcHeaters NatGas,Active,2,Fuel Comb. Industrial,3,Gas,1,Natural,110018125456.0,
2670411,Volatile Organic Compounds,air,127.0058636,kg,2.0,40600302,SCC,NEI,Natural Gas Pipeline Co,RR 2 Box 142b,St Elmo,2011,IL,62458,39.1019,-88.85949999999998,Fayette,486210,,40600302,,Point,Chemical Evaporation,Transportation and Marketing of Petroleum Products,Gasoline Retail Operations - Stage I,Submerged Filling,Gas Stations,Evap PetrolProd GasolineRetailOpsStage1 SeeSCCLev4,Active,9,Storage & Transport,4,Service Stations: Stage I,99,Other,110018125456.0,
2670411,Volatile Organic Compounds,air,3029.9970316000004,kg,2.0,40688801,SCC,NEI,Natural Gas Pipeline Co,RR 2 Box 142b,St Elmo,2011,IL,62458,39.1019,-88.85949999999998,Fayette,486210,,40688801,,Point,Chemical Evaporation,Transportation and Marketing of Petroleum Products,Fugitive Emissions,All Not Elsewhere Classified,Industrial Processes - Storage and Transfer,Evap PetrolProd Fugitvs AllNEC,Active,9,Storage & Transport,3,Petroleum & Petroleum Product Transport,99,Other,110018125456.0,
2670411,Volatile Organic Compounds,air,54.4310844,kg,2.0,40700815,SCC,NEI,Natural Gas Pipeline Co,RR 2 Box 142b,St Elmo,2011,IL,62458,39.1019,-88.85949999999998,Fayette,486210,,40700815,,Point,Chemical Evaporation,Organic Chemical Storage,Fixed Roof Tanks - Alcohols,Methanol: Breathing Loss,Industrial Processes - Storage and Transfer,Evap OrgChemStor FixdRoofTnksAlcohols SeeSCCLev4,Active,9,Storage & Transport,7,Organic Chemical Storage,99,Other,110018125456.0,
2670411,Volatile Organic Compounds,air,807.3944186,kg,2.0,49099998,SCC,NEI,Natural Gas Pipeline Co,RR 2 Box 142b,St Elmo,2011,IL,62458,39.1019,-88.85949999999998,Fayette,486210,,49099998,,Point,Chemical Evaporation,Organic Solvent Evaporation,Miscellaneous Volatile Organic Compound Evaporation,Miscellaneous,Solvent - Industrial Surface Coating & Solvent Use,Evap OrgSolvEvap MiscVOCEvap Misc,Active,8,Solvent Utilization,5,Other Industrial,99,Other,110018125456.0,
2670411,Xylenes (Mixed Isomers),air,1.1985180474036e-05,kg,2.0,40600302,SCC,NEI,Natural Gas Pipeline Co,RR 2 Box 142b,St Elmo,2011,IL,62458,39.1019,-88.85949999999998,Fayette,486210,,40600302,,Point,Chemical Evaporation,Transportation and Marketing of Petroleum Products,Gasoline Retail Operations - Stage I,Submerged Filling,Gas Stations,Evap PetrolProd GasolineRetailOpsStage1 SeeSCCLev4,Active,9,Storage & Transport,4,Service Stations: Stage I,99,Other,110018125456.0,
6318211,"1,1,2,2-Tetrachloroethane",air,1.3907142064199998,kg,2.0,20200253,SCC,NEI,DCP Antrim Gas LLC,6250 OLD STATE RD,JOHANNESBURG,2011,MI,49751,44.91,-84.542,Otsego,486210,,20200253,,Point,Internal Combustion Engines,Industrial,Natural Gas,4-cycle Rich Burn,"Fuel Comb - Industrial Boilers, ICEs - Natural Gas",ICE Ind NatGas 4-cycleRichBurn,Active,2,Fuel Comb. Industrial,5,Internal Combustion,99,Other,110001844274.0,79-34-5
6318211,"1,1,2-Trichloroethane",air,0.8410056132170001,kg,2.0,20200253,SCC,NEI,DCP Antrim Gas LLC,6250 OLD STATE RD,JOHANNESBURG,2011,MI,49751,44.91,-84.542,Otsego,486210,,20200253,,Point,Internal Combustion Engines,Industrial,Natural Gas,4-cycle Rich Burn,"Fuel Comb - Industrial Boilers, ICEs - Natural Gas",ICE Ind NatGas 4-cycleRichBurn,Active,2,Fuel Comb. Industrial,5,Internal Combustion,99,Other,110001844274.0,79-00-5
6318211,"1,3-Butadiene",air,0.16102529135,kg,2.0,20100201,SCC,NEI,DCP Antrim Gas LLC,6250 OLD STATE RD,JOHANNESBURG,2011,MI,49751,44.91,-84.542,Otsego,486210,,20100201,,Point,Internal Combustion Engines,Electric Generation,Natural Gas,Turbine,Fuel Comb - Electric Generation - Natural Gas,ICE EGU NatGas Turbine,Active,1,Fuel Comb. Elec. Util.,5,Internal Combustion,99,Other,110001844274.0,130983-70-9
6318211,"1,3-Butadiene",air,36.43707508210001,kg,2.0,20200253,SCC,NEI,DCP Antrim Gas LLC,6250 OLD STATE RD,JOHANNESBURG,2011,MI,49751,44.91,-84.542,Otsego,486210,,20200253,,Point,Internal Combustion Engines,Industrial,Natural Gas,4-cycle Rich Burn,"Fuel Comb - Industrial Boilers, ICEs - Natural Gas",ICE Ind NatGas 4-cycleRichBurn,Active,2,Fuel Comb. Industrial,5,Internal Combustion,99,Other,110001844274.0,130983-70-9
6318211,"1,3-Dichloropropene",air,0.697670424297,kg,2.0,20200253,SCC,NEI,DCP Antrim Gas LLC,6250 OLD STATE RD,JOHANNESBURG,2011,MI,49751,44.91,-84.542,Otsego,486210,,20200253,,Point,Internal Combustion Engines,Industrial,Natural Gas,4-cycle Rich Burn,"Fuel Comb - Industrial Boilers, ICEs - Natural Gas",ICE Ind NatGas 4-cycleRichBurn,Active,2,Fuel Comb. Industrial,5,Internal Combustion,99,Other,110001844274.0,10061-01-5
6318211,Acetaldehyde,air,14.964012286299996,kg,2.0,20100201,SCC,NEI,DCP Antrim Gas LLC,6250 OLD STATE RD,JOHANNESBURG,2011,MI,49751,44.91,-84.542,Otsego,486210,,20100201,,Point,Internal Combustion Engines,Electric Generation,Natural Gas,Turbine,Fuel Comb - Electric Generation - Natural Gas,ICE EGU NatGas Turbine,Active,1,Fuel Comb. Elec. Util.,5,Internal Combustion,99,Other,110001844274.0,75-07-0
6318211,Acetaldehyde,air,153.35958029699998,kg,2.0,20200253,SCC,NEI,DCP Antrim Gas LLC,6250 OLD STATE RD,JOHANNESBURG,2011,MI,49751,44.91,-84.542,Otsego,486210,,20200253,,Point,Internal Combustion Engines,Industrial,Natural Gas,4-cycle Rich Burn,"Fuel Comb - Industrial Boilers, ICEs - Natural Gas",ICE Ind NatGas 4-cycleRichBurn,Active,2,Fuel Comb. Industrial,5,Internal Combustion,99,Other,110001844274.0,75-07-0
6318211,Acrolein,air,2.39451412123,kg,2.0,20100201,SCC,NEI,DCP Antrim Gas LLC,6250 OLD STATE RD,JOHANNESBURG,2011,MI,49751,44.91,-84.542,Otsego,486210,,20100201,,Point,Internal Combustion Engines,Electric Generation,Natural Gas,Turbine,Fuel Comb - Electric Generation - Natural Gas,ICE EGU NatGas Turbine,Active,1,Fuel Comb. Elec. Util.,5,Internal Combustion,99,Other,110001844274.0,25314-61-8
6318211,Acrolein,air,144.559888319,kg,2.0,20200253,SCC,NEI,DCP Antrim Gas LLC,6250 OLD STATE RD,JOHANNESBURG,2011,MI,49751,44.91,-84.542,Otsego,486210,,20200253,,Point,Internal Combustion Engines,Industrial,Natural Gas,4-cycle Rich Burn,"Fuel Comb - Industrial Boilers, ICEs - Natural Gas",ICE Ind NatGas 4-cycleRichBurn,Active,2,Fuel Comb. Industrial,5,Internal Combustion,99,Other,110001844274.0,25314-61-8
6318211,Benzene,air,4.48965727826,kg,2.0,20100201,SCC,NEI,DCP Antrim Gas LLC,6250 OLD STATE RD,JOHANNESBURG,2011,MI,49751,44.91,-84.542,Otsego,486210,,20100201,,Point,Internal Combustion Engines,Electric Generation,Natural Gas,Turbine,Fuel Comb - Electric Generation - Natural Gas,ICE EGU NatGas Turbine,Active,1,Fuel Comb. Elec. Util.,5,Internal Combustion,99,Other,110001844274.0,27271-55-2
6318211,Benzene,air,86.84933108390001,kg,2.0,20200253,SCC,NEI,DCP Antrim Gas LLC,6250 OLD STATE RD,JOHANNESBURG,2011,MI,49751,44.91,-84.542,Otsego,486210,,20200253,,Point,Internal Combustion Engines,Industrial,Natural Gas,4-cycle Rich Burn,"Fuel Comb - Industrial Boilers, ICEs - Natural Gas",ICE Ind NatGas 4-cycleRichBurn,Active,2,Fuel Comb. Industrial,5,Internal Combustion,99,Other,110001844274.0,27271-55-2
6318211,Carbon Monoxide,air,10754.6750927,kg,1.0,20100201,SCC,NEI,DCP Antrim Gas LLC,6250 OLD STATE RD,JOHANNESBURG,2011,MI,49751,44.91,-84.542,Otsego,486210,,20100201,,Point,Internal Combustion Engines,Electric Generation,Natural Gas,Turbine,Fuel Comb - Electric Generation - Natural Gas,ICE EGU NatGas Turbine,Active,1,Fuel Comb. Elec. Util.,5,Internal Combustion,99,Other,110001844274.0,50-00-0
6318211,Carbon Monoxide,air,6074.50901904,kg,1.0,20100202,SCC,NEI,DCP Antrim Gas LLC,6250 OLD STATE RD,JOHANNESBURG,2011,MI,49751,44.91,-84.542,Otsego,486210,,20100202,,Point,Internal Combustion Engines,Electric Generation,Natural Gas,Reciprocating,Fuel Comb - Electric Generation - Natural Gas,ICE EGU NatGas Recip,Active,1,Fuel Comb. Elec. Util.,5,Internal Combustion,99,Other,110001844274.0,50-00-0
6318211,Carbon Monoxide,air,40882.2803081,kg,2.0,20200253,SCC,NEI,DCP Antrim Gas LLC,6250 OLD STATE RD,JOHANNESBURG,2011,MI,49751,44.91,-84.542,Otsego,486210,,20200253,,Point,Internal Combustion Engines,Industrial,Natural Gas,4-cycle Rich Burn,"Fuel Comb - Industrial Boilers, ICEs - Natural Gas",ICE Ind NatGas 4-cycleRichBurn,Active,2,Fuel Comb. Industrial,5,Internal Combustion,99,Other,110001844274.0,50-00-0
6318211,Carbon Monoxide,air,18574.6075515,kg,1.4263736263736264,31000404,SCC,NEI,DCP Antrim Gas LLC,6250 OLD STATE RD,JOHANNESBURG,2011,MI,49751,44.91,-84.542,Otsego,486210,,31000404,,Point,Industrial Processes,Oil and Gas Production,Process Heaters,Natural Gas,Industrial Processes - Oil & Gas Production,O&G Prod ProcHeaters NatGas,Active,2,Fuel Comb. Industrial,3,Gas,1,Natural,110001844274.0,50-00-0
6318211,Carbon Monoxide,air,3560.24651213,kg,2.0,31000405,SCC,NEI,DCP Antrim Gas LLC,6250 OLD STATE RD,JOHANNESBURG,2011,MI,49751,44.91,-84.542,Otsego,486210,,31000405,,Point,Industrial Processes,Oil and Gas Production,Process Heaters,Process Gas,Industrial Processes - Oil & Gas Production,O&G Prod ProcHeaters ProcGas,Active,2,Fuel Comb. Industrial,3,Gas,2,Process,110001844274.0,50-00-0
6318211,Carbon Tetrachloride,air,0.97250204128,kg,2.0,20200253,SCC,NEI,DCP Antrim Gas LLC,6250 OLD STATE RD,JOHANNESBURG,2011,MI,49751,44.91,-84.542,Otsego,486210,,20200253,,Point,Internal Combustion Engines,Industrial,Natural Gas,4-cycle Rich Burn,"Fuel Comb - Industrial Boilers, ICEs - Natural Gas",ICE Ind NatGas 4-cycleRichBurn,Active,2,Fuel Comb. Industrial,5,Internal Combustion,99,Other,110001844274.0,56-23-5
6318211,Chlorobenzene,air,0.7090102335470001,kg,2.0,20200253,SCC,NEI,DCP Antrim Gas LLC,6250 OLD STATE RD,JOHANNESBURG,2011,MI,49751,44.91,-84.542,Otsego,486210,,20200253,,Point,Internal Combustion Engines,Industrial,Natural Gas,4-cycle Rich Burn,"Fuel Comb - Industrial Boilers, ICEs - Natural Gas",ICE Ind NatGas 4-cycleRichBurn,Active,2,Fuel Comb. Industrial,5,Internal Combustion,99,Other,110001844274.0,68411-45-0
6318211,Chloroform,air,0.752645819541,kg,2.0,20200253,SCC,NEI,DCP Antrim Gas LLC,6250 OLD STATE RD,JOHANNESBURG,2011,MI,49751,44.91,-84.542,Otsego,486210,,20200253,,Point,Internal Combustion Engines,Industrial,Natural Gas,4-cycle Rich Burn,"Fuel Comb - Industrial Boilers, ICEs - Natural Gas",ICE Ind NatGas 4-cycleRichBurn,Active,2,Fuel Comb. Industrial,5,Internal Combustion,99,Other,110001844274.0,67-66-3
6318211,Ethyl Benzene,air,11.9703026443,kg,2.0,20100201,SCC,NEI,DCP Antrim Gas LLC,6250 OLD STATE RD,JOHANNESBURG,2011,MI,49751,44.91,-84.542,Otsego,486210,,20100201,,Point,Internal Combustion Engines,Electric Generation,Natural Gas,Turbine,Fuel Comb - Electric Generation - Natural Gas,ICE EGU NatGas Turbine,Active,1,Fuel Comb. Elec. Util.,5,Internal Combustion,99,Other,110001844274.0,70955-17-8
6318211,Ethyl Benzene,air,1.3630450718499998,kg,2.0,20200253,SCC,NEI,DCP Antrim Gas LLC,6250 OLD STATE RD,JOHANNESBURG,2011,MI,49751,44.91,-84.542,Otsego,486210,,20200253,,Point,Internal Combustion Engines,Industrial,Natural Gas,4-cycle Rich Burn,"Fuel Comb - Industrial Boilers, ICEs - Natural Gas",ICE Ind NatGas 4-cycleRichBurn,Active,2,Fuel Comb. Industrial,5,Internal Combustion,99,Other,110001844274.0,70955-17-8
6318211,Ethylene Dibromide,air,1.17072190697,kg,2.0,20200253,SCC,NEI,DCP Antrim Gas LLC,6250 OLD STATE RD,JOHANNESBURG,2011,MI,49751,44.91,-84.542,Otsego,486210,,20200253,,Point,Internal Combustion Engines,Industrial,Natural Gas,4-cycle Rich Burn,"Fuel Comb - Industrial Boilers, ICEs - Natural Gas",ICE Ind NatGas 4-cycleRichBurn,Active,2,Fuel Comb. Industrial,5,Internal Combustion,99,Other,110001844274.0,624-61-3
6318211,Ethylene Dichloride,air,0.621194750715,kg,2.0,20200253,SCC,NEI,DCP Antrim Gas LLC,6250 OLD STATE RD,JOHANNESBURG,2011,MI,49751,44.91,-84.542,Otsego,486210,,20200253,,Point,Internal Combustion Engines,Industrial,Natural Gas,4-cycle Rich Burn,"Fuel Comb - Industrial Boilers, ICEs - Natural Gas",ICE Ind NatGas 4-cycleRichBurn,Active,2,Fuel Comb. Industrial,5,Internal Combustion,99,Other,110001844274.0,107-06-2
6318211,Ethylidene Dichloride,air,0.621194750715,kg,2.0,20200253,SCC,NEI,DCP Antrim Gas LLC,6250 OLD STATE RD,JOHANNESBURG,2011,MI,49751,44.91,-84.542,Otsego,486210,,20200253,,Point,Internal Combustion Engines,Industrial,Natural Gas,4-cycle Rich Burn,"Fuel Comb - Industrial Boilers, ICEs - Natural Gas",ICE Ind NatGas 4-cycleRichBurn,Active,2,Fuel Comb. Industrial,5,Internal Combustion,99,Other,110001844274.0,75-34-3
6318211,Formaldehyde,air,265.623691872,kg,2.0,20100201,SCC,NEI,DCP Antrim Gas LLC,6250 OLD STATE RD,JOHANNESBURG,2011,MI,49751,44.91,-84.542,Otsego,486210,,20100201,,Point,Internal Combustion Engines,Electric Generation,Natural Gas,Turbine,Fuel Comb - Electric Generation - Natural Gas,ICE EGU NatGas Turbine,Active,1,Fuel Comb. Elec. Util.,5,Internal Combustion,99,Other,110001844274.0,50-00-0
6318211,Formaldehyde,air,1126.26985471,kg,2.0,20200253,SCC,NEI,DCP Antrim Gas LLC,6250 OLD STATE RD,JOHANNESBURG,2011,MI,49751,44.91,-84.542,Otsego,486210,,20200253,,Point,Internal Combustion Engines,Industrial,Natural Gas,4-cycle Rich Burn,"Fuel Comb - Industrial Boilers, ICEs - Natural Gas",ICE Ind NatGas 4-cycleRichBurn,Active,2,Fuel Comb. Industrial,5,Internal Combustion,99,Other,110001844274.0,50-00-0
6318211,Formaldehyde,air,45.218804802248,kg,2.0,31000404,SCC,NEI,DCP Antrim Gas LLC,6250 OLD STATE RD,JOHANNESBURG,2011,MI,49751,44.91,-84.542,Otsego,486210,,31000404,,Point,Industrial Processes,Oil and Gas Production,Process Heaters,Natural Gas,Industrial Processes - Oil & Gas Production,O&G Prod ProcHeaters NatGas,Active,2,Fuel Comb. Industrial,3,Gas,1,Natural,110001844274.0,50-00-0
6318211,Methanol,air,168.14669155900003,kg,2.0,20200253,SCC,NEI,DCP Antrim Gas LLC,6250 OLD STATE RD,JOHANNESBURG,2011,MI,49751,44.91,-84.542,Otsego,486210,,20200253,,Point,Internal Combustion Engines,Industrial,Natural Gas,4-cycle Rich Burn,"Fuel Comb - Industrial Boilers, ICEs - Natural Gas",ICE Ind NatGas 4-cycleRichBurn,Active,2,Fuel Comb. Industrial,5,Internal Combustion,99,Other,110001844274.0,54841-71-3
6318211,Methylene Chloride,air,2.2638795186700005,kg,2.0,20200253,SCC,NEI,DCP Antrim Gas LLC,6250 OLD STATE RD,JOHANNESBURG,2011,MI,49751,44.91,-84.542,Otsego,486210,,20200253,,Point,Internal Combustion Engines,Industrial,Natural Gas,4-cycle Rich Burn,"Fuel Comb - Industrial Boilers, ICEs - Natural Gas",ICE Ind NatGas 4-cycleRichBurn,Active,2,Fuel Comb. Industrial,5,Internal Combustion,99,Other,110001844274.0,1605-72-7
6318211,Naphthalene,air,0.48625102064,kg,2.0,20100201,SCC,NEI,DCP Antrim Gas LLC,6250 OLD STATE RD,JOHANNESBURG,2011,MI,49751,44.91,-84.542,Otsego,486210,,20100201,,Point,Internal Combustion Engines,Electric Generation,Natural Gas,Turbine,Fuel Comb - Electric Generation - Natural Gas,ICE EGU NatGas Turbine,Active,1,Fuel Comb. Elec. Util.,5,Internal Combustion,99,Other,110001844274.0,72931-45-4
6318211,Naphthalene,air,5.33606064068,kg,2.0,20200253,SCC,NEI,DCP Antrim Gas LLC,6250 OLD STATE RD,JOHANNESBURG,2011,MI,49751,44.91,-84.542,Otsego,486210,,20200253,,Point,Internal Combustion Engines,Industrial,Natural Gas,4-cycle Rich Burn,"Fuel Comb - Industrial Boilers, ICEs - Natural Gas",ICE Ind NatGas 4-cycleRichBurn,Active,2,Fuel Comb. Industrial,5,Internal Combustion,99,Other,110001844274.0,72931-45-4
6318211,Nitrogen Oxides,air,128366.64071,kg,1.0,20100201,SCC,NEI,DCP Antrim Gas LLC,6250 OLD STATE RD,JOHANNESBURG,2011,MI,49751,44.91,-84.542,Otsego,486210,,20100201,,Point,Internal Combustion Engines,Electric Generation,Natural Gas,Turbine,Fuel Comb - Electric Generation - Natural Gas,ICE EGU NatGas Turbine,Active,1,Fuel Comb. Elec. Util.,5,Internal Combustion,99,Other,110001844274.0,
6318211,Nitrogen Oxides,air,2721.10062763,kg,1.0,20100202,SCC,NEI,DCP Antrim Gas LLC,6250 OLD STATE RD,JOHANNESBURG,2011,MI,49751,44.91,-84.542,Otsego,486210,,20100202,,Point,Internal Combustion Engines,Electric Generation,Natural Gas,Reciprocating,Fuel Comb - Electric Generation - Natural Gas,ICE EGU NatGas Recip,Active,1,Fuel Comb. Elec. Util.,5,Internal Combustion,99,Other,110001844274.0,
6318211,Nitrogen Oxides,air,12142.6677449,kg,2.0,20200253,SCC,NEI,DCP Antrim Gas LLC,6250 OLD STATE RD,JOHANNESBURG,2011,MI,49751,44.91,-84.542,Otsego,486210,,20200253,,Point,Internal Combustion Engines,Industrial,Natural Gas,4-cycle Rich Burn,"Fuel Comb - Industrial Boilers, ICEs - Natural Gas",ICE Ind NatGas 4-cycleRichBurn,Active,2,Fuel Comb. Industrial,5,Internal Combustion,99,Other,110001844274.0,
6318211,Nitrogen Oxides,air,74615.944865,kg,1.0,31000404,SCC,NEI,DCP Antrim Gas LLC,6250 OLD STATE RD,JOHANNESBURG,2011,MI,49751,44.91,-84.542,Otsego,486210,,31000404,,Point,Industrial Processes,Oil and Gas Production,Process Heaters,Natural Gas,Industrial Processes - Oil & Gas Production,O&G Prod ProcHeaters NatGas,Active,2,Fuel Comb. Industrial,3,Gas,1,Natural,110001844274.0,
6318211,Nitrogen Oxides,air,14242.800418,kg,2.0,31000405,SCC,NEI,DCP Antrim Gas LLC,6250 OLD STATE RD,JOHANNESBURG,2011,MI,49751,44.91,-84.542,Otsego,486210,,31000405,,Point,Industrial Processes,Oil and Gas Production,Process Heaters,Process Gas,Industrial Processes - Oil & Gas Production,O&G Prod ProcHeaters ProcGas,Active,2,Fuel Comb. Industrial,3,Gas,2,Process,110001844274.0,
6318211,"PAH, total",air,0.82327015155,kg,2.0,20100201,SCC,NEI,DCP Antrim Gas LLC,6250 OLD STATE RD,JOHANNESBURG,2011,MI,49751,44.91,-84.542,Otsego,486210,,20100201,,Point,Internal Combustion Engines,Electric Generation,Natural Gas,Turbine,Fuel Comb - Electric Generation - Natural Gas,ICE EGU NatGas Turbine,Active,1,Fuel Comb. Elec. Util.,5,Internal Combustion,99,Other,110001844274.0,
6318211,"PAH, total",air,7.7473576796,kg,2.0,20200253,SCC,NEI,DCP Antrim Gas LLC,6250 OLD STATE RD,JOHANNESBURG,2011,MI,49751,44.91,-84.542,Otsego,486210,,20200253,,Point,Internal Combustion Engines,Industrial,Natural Gas,4-cycle Rich Burn,"Fuel Comb - Industrial Boilers, ICEs - Natural Gas",ICE Ind NatGas 4-cycleRichBurn,Active,2,Fuel Comb. Industrial,5,Internal Combustion,99,Other,110001844274.0,
6318211,PM10 Primary (Filt + Cond),air,2469.35686228,kg,2.0,20100201,SCC,NEI,DCP Antrim Gas LLC,6250 OLD STATE RD,JOHANNESBURG,2011,MI,49751,44.91,-84.542,Otsego,486210,,20100201,,Point,Internal Combustion Engines,Electric Generation,Natural Gas,Turbine,Fuel Comb - Electric Generation - Natural Gas,ICE EGU NatGas Turbine,Active,1,Fuel Comb. Elec. Util.,5,Internal Combustion,99,Other,110001844274.0,
6318211,PM10 Primary (Filt + Cond),air,366.62056897619993,kg,2.0,20100202,SCC,NEI,DCP Antrim Gas LLC,6250 OLD STATE RD,JOHANNESBURG,2011,MI,49751,44.91,-84.542,Otsego,486210,,20100202,,Point,Internal Combustion Engines,Electric Generation,Natural Gas,Reciprocating,Fuel Comb - Electric Generation - Natural Gas,ICE EGU NatGas Recip,Active,1,Fuel Comb. Elec. Util.,5,Internal Combustion,99,Other,110001844274.0,
6318211,PM10 Primary (Filt + Cond),air,522.08481787,kg,2.0,20200253,SCC,NEI,DCP Antrim Gas LLC,6250 OLD STATE RD,JOHANNESBURG,2011,MI,49751,44.91,-84.542,Otsego,486210,,20200253,,Point,Internal Combustion Engines,Industrial,Natural Gas,4-cycle Rich Burn,"Fuel Comb - Industrial Boilers, ICEs - Natural Gas",ICE Ind NatGas 4-cycleRichBurn,Active,2,Fuel Comb. Industrial,5,Internal Combustion,99,Other,110001844274.0,
6318211,PM10 Primary (Filt + Cond),air,11916.052996848,kg,2.0,31000404,SCC,NEI,DCP Antrim Gas LLC,6250 OLD STATE RD,JOHANNESBURG,2011,MI,49751,44.91,-84.542,Otsego,486210,,31000404,,Point,Industrial Processes,Oil and Gas Production,Process Heaters,Natural Gas,Industrial Processes - Oil & Gas Production,O&G Prod ProcHeaters NatGas,Active,2,Fuel Comb. Industrial,3,Gas,1,Natural,110001844274.0,
6318211,PM10 Primary (Filt + Cond),air,793.4600609935998,kg,2.0,31000405,SCC,NEI,DCP Antrim Gas LLC,6250 OLD STATE RD,JOHANNESBURG,2011,MI,49751,44.91,-84.542,Otsego,486210,,31000405,,Point,Industrial Processes,Oil and Gas Production,Process Heaters,Process Gas,Industrial Processes - Oil & Gas Production,O&G Prod ProcHeaters ProcGas,Active,2,Fuel Comb. Industrial,3,Gas,2,Process,110001844274.0,
6318211,PM2.5 Primary (Filt + Cond),air,2469.35686228,kg,2.0,20100201,SCC,NEI,DCP Antrim Gas LLC,6250 OLD STATE RD,JOHANNESBURG,2011,MI,49751,44.91,-84.542,Otsego,486210,,20100201,,Point,Internal Combustion Engines,Electric Generation,Natural Gas,Turbine,Fuel Comb - Electric Generation - Natural Gas,ICE EGU NatGas Turbine,Active,1,Fuel Comb. Elec. Util.,5,Internal Combustion,99,Other,110001844274.0,
6318211,PM2.5 Primary (Filt + Cond),air,366.62056897619993,kg,2.0,20100202,SCC,NEI,DCP Antrim Gas LLC,6250 OLD STATE RD,JOHANNESBURG,2011,MI,49751,44.91,-84.542,Otsego,486210,,20100202,,Point,Internal Combustion Engines,Electric Generation,Natural Gas,Reciprocating,Fuel Comb - Electric Generation - Natural Gas,ICE EGU NatGas Recip,Active,1,Fuel Comb. Elec. Util.,5,Internal Combustion,99,Other,110001844274.0,
6318211,PM2.5 Primary (Filt + Cond),air,522.08481787,kg,2.0,20200253,SCC,NEI,DCP Antrim Gas LLC,6250 OLD STATE RD,JOHANNESBURG,2011,MI,49751,44.91,-84.542,Otsego,486210,,20200253,,Point,Internal Combustion Engines,Industrial,Natural Gas,4-cycle Rich Burn,"Fuel Comb - Industrial Boilers, ICEs - Natural Gas",ICE Ind NatGas 4-cycleRichBurn,Active,2,Fuel Comb. Industrial,5,Internal Combustion,99,Other,110001844274.0,
6318211,PM2.5 Primary (Filt + Cond),air,11916.052996848,kg,2.0,31000404,SCC,NEI,DCP Antrim Gas LLC,6250 OLD STATE RD,JOHANNESBURG,2011,MI,49751,44.91,-84.542,Otsego,486210,,31000404,,Point,Industrial Processes,Oil and Gas Production,Process Heaters,Natural Gas,Industrial Processes - Oil & Gas Production,O&G Prod ProcHeaters NatGas,Active,2,Fuel Comb. Industrial,3,Gas,1,Natural,110001844274.0,
6318211,PM2.5 Primary (Filt + Cond),air,793.4600609935998,kg,2.0,31000405,SCC,NEI,DCP Antrim Gas LLC,6250 OLD STATE RD,JOHANNESBURG,2011,MI,49751,44.91,-84.542,Otsego,486210,,31000405,,Point,Industrial Processes,Oil and Gas Production,Process Heaters,Process Gas,Industrial Processes - Oil & Gas Production,O&G Prod ProcHeaters ProcGas,Active,2,Fuel Comb. Industrial,3,Gas,2,Process,110001844274.0,
6318211,Propylene Dichloride,air,0.7143626235130001,kg,2.0,20200253,SCC,NEI,DCP Antrim Gas LLC,6250 OLD STATE RD,JOHANNESBURG,2011,MI,49751,44.91,-84.542,Otsego,486210,,20200253,,Point,Internal Combustion Engines,Industrial,Natural Gas,4-cycle Rich Burn,"Fuel Comb - Industrial Boilers, ICEs - Natural Gas",ICE Ind NatGas 4-cycleRichBurn,Active,2,Fuel Comb. Industrial,5,Internal Combustion,99,Other,110001844274.0,78-87-5
6318211,Propylene Oxide,air,10.8499294904,kg,2.0,20100201,SCC,NEI,DCP Antrim Gas LLC,6250 OLD STATE RD,JOHANNESBURG,2011,MI,49751,44.91,-84.542,Otsego,486210,,20100201,,Point,Internal Combustion Engines,Electric Generation,Natural Gas,Turbine,Fuel Comb - Electric Generation - Natural Gas,ICE EGU NatGas Turbine,Active,1,Fuel Comb. Elec. Util.,5,Internal Combustion,99,Other,110001844274.0,16033-71-9
6318211,Styrene,air,0.654034838303,kg,2.0,20200253,SCC,NEI,DCP Antrim Gas LLC,6250 OLD STATE RD,JOHANNESBURG,2011,MI,49751,44.91,-84.542,Otsego,486210,,20200253,,Point,Internal Combustion Engines,Industrial,Natural Gas,4-cycle Rich Burn,"Fuel Comb - Industrial Boilers, ICEs - Natural Gas",ICE Ind NatGas 4-cycleRichBurn,Active,2,Fuel Comb. Industrial,5,Internal Combustion,99,Other,110001844274.0,79637-11-9
6318211,Sulfur Dioxide,air,3516.70164461,kg,2.0,20100201,SCC,NEI,DCP Antrim Gas LLC,6250 OLD STATE RD,JOHANNESBURG,2011,MI,49751,44.91,-84.542,Otsego,486210,,20100201,,Point,Internal Combustion Engines,Electric Generation,Natural Gas,Turbine,Fuel Comb - Electric Generation - Natural Gas,ICE EGU NatGas Turbine,Active,1,Fuel Comb. Elec. Util.,5,Internal Combustion,99,Other,110001844274.0,12396-99-5
6318211,Sulfur Dioxide,air,10.9406479644,kg,2.0,20100202,SCC,NEI,DCP Antrim Gas LLC,6250 OLD STATE RD,JOHANNESBURG,2011,MI,49751,44.91,-84.542,Otsego,486210,,20100202,,Point,Internal Combustion Engines,Electric Generation,Natural Gas,Reciprocating,Fuel Comb - Electric Generation - Natural Gas,ICE EGU NatGas Recip,Active,1,Fuel Comb. Elec. Util.,5,Internal Combustion,99,Other,110001844274.0,12396-99-5
6318211,Sulfur Dioxide,air,32.313920438800004,kg,2.0,20200253,SCC,NEI,DCP Antrim Gas LLC,6250 OLD STATE RD,JOHANNESBURG,2011,MI,49751,44.91,-84.542,Otsego,486210,,20200253,,Point,Internal Combustion Engines,Industrial,Natural Gas,4-cycle Rich Burn,"Fuel Comb - Industrial Boilers, ICEs - Natural Gas",ICE Ind NatGas 4-cycleRichBurn,Active,2,Fuel Comb. Industrial,5,Internal Combustion,99,Other,110001844274.0,12396-99-5
6318211,Sulfur Dioxide,air,916.846257481,kg,2.0,31000404,SCC,NEI,DCP Antrim Gas LLC,6250 OLD STATE RD,JOHANNESBURG,2011,MI,49751,44.91,-84.542,Otsego,486210,,31000404,,Point,Industrial Processes,Oil and Gas Production,Process Heaters,Natural Gas,Industrial Processes - Oil & Gas Production,O&G Prod ProcHeaters NatGas,Active,2,Fuel Comb. Industrial,3,Gas,1,Natural,110001844274.0,12396-99-5
6318211,Sulfur Dioxide,air,57.969104886,kg,2.0,31000405,SCC,NEI,DCP Antrim Gas LLC,6250 OLD STATE RD,JOHANNESBURG,2011,MI,49751,44.91,-84.542,Otsego,486210,,31000405,,Point,Industrial Processes,Oil and Gas Production,Process Heaters,Process Gas,Industrial Processes - Oil & Gas Production,O&G Prod ProcHeaters ProcGas,Active,2,Fuel Comb. Industrial,3,Gas,2,Process,110001844274.0,12396-99-5
6318211,Toluene,air,48.625102064,kg,2.0,20100201,SCC,NEI,DCP Antrim Gas LLC,6250 OLD STATE RD,JOHANNESBURG,2011,MI,49751,44.91,-84.542,Otsego,486210,,20100201,,Point,Internal Combustion Engines,Electric Generation,Natural Gas,Turbine,Fuel Comb - Electric Generation - Natural Gas,ICE EGU NatGas Turbine,Active,1,Fuel Comb. Elec. Util.,5,Internal Combustion,99,Other,110001844274.0,8/4/01
6318211,Toluene,air,30.667380135700004,kg,2.0,20200253,SCC,NEI,DCP Antrim Gas LLC,6250 OLD STATE RD,JOHANNESBURG,2011,MI,49751,44.91,-84.542,Otsego,486210,,20200253,,Point,Internal Combustion Engines,Industrial,Natural Gas,4-cycle Rich Burn,"Fuel Comb - Industrial Boilers, ICEs - Natural Gas",ICE Ind NatGas 4-cycleRichBurn,Active,2,Fuel Comb. Industrial,5,Internal Combustion,99,Other,110001844274.0,8/4/01
6318211,Vinyl Chloride,air,0.3946253618999999,kg,2.0,20200253,SCC,NEI,DCP Antrim Gas LLC,6250 OLD STATE RD,JOHANNESBURG,2011,MI,49751,44.91,-84.542,Otsego,486210,,20200253,,Point,Internal Combustion Engines,Industrial,Natural Gas,4-cycle Rich Burn,"Fuel Comb - Industrial Boilers, ICEs - Natural Gas",ICE Ind NatGas 4-cycleRichBurn,Active,2,Fuel Comb. Industrial,5,Internal Combustion,99,Other,110001844274.0,75-01-4
6318211,Volatile Organic Compounds,air,785.62198484,kg,2.0,20100201,SCC,NEI,DCP Antrim Gas LLC,6250 OLD STATE RD,JOHANNESBURG,2011,MI,49751,44.91,-84.542,Otsego,486210,,20100201,,Point,Internal Combustion Engines,Electric Generation,Natural Gas,Turbine,Fuel Comb - Electric Generation - Natural Gas,ICE EGU NatGas Turbine,Active,1,Fuel Comb. Elec. Util.,5,Internal Combustion,99,Other,110001844274.0,
6318211,Volatile Organic Compounds,air,2114.375473518,kg,2.0,20100202,SCC,NEI,DCP Antrim Gas LLC,6250 OLD STATE RD,JOHANNESBURG,2011,MI,49751,44.91,-84.542,Otsego,486210,,20100202,,Point,Internal Combustion Engines,Electric Generation,Natural Gas,Reciprocating,Fuel Comb - Electric Generation - Natural Gas,ICE EGU NatGas Recip,Active,1,Fuel Comb. Elec. Util.,5,Internal Combustion,99,Other,110001844274.0,
6318211,Volatile Organic Compounds,air,813.29111941,kg,2.0,20200253,SCC,NEI,DCP Antrim Gas LLC,6250 OLD STATE RD,JOHANNESBURG,2011,MI,49751,44.91,-84.542,Otsego,486210,,20200253,,Point,Internal Combustion Engines,Industrial,Natural Gas,4-cycle Rich Burn,"Fuel Comb - Industrial Boilers, ICEs - Natural Gas",ICE Ind NatGas 4-cycleRichBurn,Active,2,Fuel Comb. Industrial,5,Internal Combustion,99,Other,110001844274.0,
6318211,Volatile Organic Compounds,air,15685.2241546,kg,3.0,31000227,SCC,NEI,DCP Antrim Gas LLC,6250 OLD STATE RD,JOHANNESBURG,2011,MI,49751,44.91,-84.542,Otsego,486210,,31000227,,Point,Industrial Processes,Oil and Gas Production,Natural Gas Production,Glycol Dehydrator Reboiler Still Stack,Industrial Processes - Oil & Gas Production,O&G Prod NatGasProd SeeSCCLev4,Active,6,Petroleum & Related Industries,1,Oil & Gas Production,1,Natural Gas,110001844274.0,
6318211,Volatile Organic Compounds,air,69.671788032,kg,2.0,31000323,SCC,NEI,DCP Antrim Gas LLC,6250 OLD STATE RD,JOHANNESBURG,2011,MI,49751,44.91,-84.542,Otsego,486210,,31000323,,Point,Industrial Processes,Oil and Gas Production,Natural Gas Processing,Glycol Dehydrators: Antrim Formation (Mich.),Industrial Processes - Oil & Gas Production,O&G Prod NatGasProcng SeeSCCLev4,Active,6,Petroleum & Related Industries,1,Oil & Gas Production,99,Other,110001844274.0,
6318211,Volatile Organic Compounds,air,4277.829641470001,kg,2.0,31000404,SCC,NEI,DCP Antrim Gas LLC,6250 OLD STATE RD,JOHANNESBURG,2011,MI,49751,44.91,-84.542,Otsego,486210,,31000404,,Point,Industrial Processes,Oil and Gas Production,Process Heaters,Natural Gas,Industrial Processes - Oil & Gas Production,O&G Prod ProcHeaters NatGas,Active,2,Fuel Comb. Industrial,3,Gas,1,Natural,110001844274.0,
6318211,Volatile Organic Compounds,air,284.810649123,kg,2.0,31000405,SCC,NEI,DCP Antrim Gas LLC,6250 OLD STATE RD,JOHANNESBURG,2011,MI,49751,44.91,-84.542,Otsego,486210,,31000405,,Point,Industrial Processes,Oil and Gas Production,Process Heaters,Process Gas,Industrial Processes - Oil & Gas Production,O&G Prod ProcHeaters ProcGas,Active,2,Fuel Comb. Industrial,3,Gas,2,Process,110001844274.0,
6318211,Xylenes (Mixed Isomers),air,23.9451412123,kg,2.0,20100201,SCC,NEI,DCP Antrim Gas LLC,6250 OLD STATE RD,JOHANNESBURG,2011,MI,49751,44.91,-84.542,Otsego,486210,,20100201,,Point,Internal Combustion Engines,Electric Generation,Natural Gas,Turbine,Fuel Comb - Electric Generation - Natural Gas,ICE EGU NatGas Turbine,Active,1,Fuel Comb. Elec. Util.,5,Internal Combustion,99,Other,110001844274.0,
6318211,Xylenes (Mixed Isomers),air,10.7183877031,kg,2.0,20200253,SCC,NEI,DCP Antrim Gas LLC,6250 OLD STATE RD,JOHANNESBURG,2011,MI,49751,44.91,-84.542,Otsego,486210,,20200253,,Point,Internal Combustion Engines,Industrial,Natural Gas,4-cycle Rich Burn,"Fuel Comb - Industrial Boilers, ICEs - Natural Gas",ICE Ind NatGas 4-cycleRichBurn,Active,2,Fuel Comb. Industrial,5,Internal Combustion,99,Other,110001844274.0,
